USE 二手书交易系统;

--插入之前先进行清空操作
DELETE FROM 购物车表;
DELETE FROM 现存订单表;
DELETE FROM 货品表;
DELETE FROM 用户表;
DELETE FROM 管理员表;
DELETE FROM 书目表;
DELETE FROM 历史订单表;

--管理员表测试数据
INSERT INTO 管理员表(AID,帐号,密码,姓名,邮箱,手机) VALUES(1,'admin','admin','张俊帆','925209421@qq.com','15800719512');

--书目表测试数据
INSERT INTO 书目表(ISBN,书名,作者,出版社,出版时间,定价,允许交易) VALUES('9787040205497','高等数学 同济第六版(上册)','同济大学数学系','高等教育出版社','2007-04-01',27.60,1);
INSERT INTO 书目表(ISBN,书名,作者,出版社,出版时间,定价,允许交易) VALUES('9787040212778','高等数学 同济第六版(下册)','同济大学数学系','高等教育出版社','2007-06-01',29.40,1);
INSERT INTO 书目表(ISBN,书名,作者,出版社,出版时间,定价,允许交易) VALUES('9787563233915','新视野大学英语全程辅导读写教程1（第三版）','郭艳玲 王倩','大连海事大学出版社','2016-10-1',33.00,1);
INSERT INTO 书目表(ISBN,书名,作者,出版社,出版时间,定价,允许交易) VALUES('9787563233922','新视野大学英语全程辅导读写教程2（第三版）','龙宇飞','大连海事大学出版社','2016-10-1',33.50,1);
INSERT INTO 书目表(ISBN,书名,作者,出版社,出版时间,定价,允许交易) VALUES('9787563233984','新视野大学英语全程辅导读写教程3（第三版）','张琳娜','大连海事大学出版社','2016-10-1',34.00,1);
INSERT INTO 书目表(ISBN,书名,作者,出版社,出版时间,定价,允许交易) VALUES('9787563233977','新视野大学英语全程辅导读写教程4（第三版）','胡柏翠 刘鸿 张琳娜','大连海事大学出版社','2016-10-1',34.50,1);
INSERT INTO 书目表(ISBN,书名,作者,出版社,出版时间,定价,允许交易) VALUES('9787040494792','马克思主义基本原理概论（2018年版）','本书编写组','高等教育出版社','2018-4-1',23.00,1);
INSERT INTO 书目表(ISBN,书名,作者,出版社,出版时间,定价,允许交易) VALUES('9787040495034','思想道德修养与法律基础','本书编写组','高等教育出版社','2018-04-1',18.00,1);
INSERT INTO 书目表(ISBN,书名,作者,出版社,出版时间,定价,允许交易) VALUES('9787040494815','毛泽东思想和中国特色社会主义理论体系概论（2018年版）','本书编写组','高等教育出版社','2018-4-1',25.00,1);
INSERT INTO 书目表(ISBN,书名,作者,出版社,出版时间,定价,允许交易) VALUES('9787121302954','计算机网络（第七版）','谢希仁','电子工业出版社','2017-1-1',49.00,0);
   
--用户表测试数据
INSERT INTO 用户表(UID,帐号,密码,昵称,年级,专业,邮箱,手机,余额,收货地址,状态) VALUES(1,'201610311001','123456','李铮','大三','计算机','397745166@qq.com','11728912904','298','上海海事大学','正常');
INSERT INTO 用户表(UID,帐号,密码,昵称,年级,专业,邮箱,手机,余额,收货地址,状态) VALUES(2,'201610311002','123456','王磊','大三','计算机','670842877@qq.com','15938756845','183','上海海事大学','正常');
INSERT INTO 用户表(UID,帐号,密码,昵称,年级,专业,邮箱,手机,余额,收货地址,状态) VALUES(3,'201610311003','123456','周继婷','大三','计算机','348218071@qq.com','13011302036','291','上海海事大学','正常');
INSERT INTO 用户表(UID,帐号,密码,昵称,年级,专业,邮箱,手机,余额,收货地址,状态) VALUES(4,'201610311004','123456','李杨灏','大三','计算机','215268796@qq.com','17698336640','116','上海海事大学','正常');
INSERT INTO 用户表(UID,帐号,密码,昵称,年级,专业,邮箱,手机,余额,收货地址,状态) VALUES(5,'201610311005','123456','邹锦辉','大三','计算机','445979171@qq.com','12006365650','386','上海海事大学','正常');
INSERT INTO 用户表(UID,帐号,密码,昵称,年级,专业,邮箱,手机,余额,收货地址,状态) VALUES(6,'201610311006','123456','何晓阳','大三','计算机','104086795@qq.com','18939850162','277','上海海事大学','正常');
INSERT INTO 用户表(UID,帐号,密码,昵称,年级,专业,邮箱,手机,余额,收货地址,状态) VALUES(7,'201610311007','123456','郎思雯','大三','计算机','814380798@qq.com','17018576311','289','上海海事大学','正常');
INSERT INTO 用户表(UID,帐号,密码,昵称,年级,专业,邮箱,手机,余额,收货地址,状态) VALUES(8,'201610311008','123456','吴佳晖','大三','计算机','377012122@qq.com','13526594276','424','上海海事大学','黑名单');
INSERT INTO 用户表(UID,帐号,密码,昵称,年级,专业,邮箱,手机,余额,收货地址,状态) VALUES(9,'201610311009','123456','吴奥然','大三','计算机','603704388@qq.com','15224659448','164','上海海事大学','正常');
INSERT INTO 用户表(UID,帐号,密码,昵称,年级,专业,邮箱,手机,余额,收货地址,状态) VALUES(10,'201610311010','123456','孙瑞','大三','计算机','323419252@qq.com','13771355185','242','上海海事大学','正常');
INSERT INTO 用户表(UID,帐号,密码,昵称,年级,专业,邮箱,手机,余额,收货地址,状态) VALUES(11,'201610311011','123456','杨昕皓','大三','计算机','141039666@qq.com','11531646419','286','上海海事大学','正常');
INSERT INTO 用户表(UID,帐号,密码,昵称,年级,专业,邮箱,手机,余额,收货地址,状态) VALUES(12,'201610311012','123456','李天辰','大三','计算机','935587927@qq.com','12635327522','169','上海海事大学','正常');
INSERT INTO 用户表(UID,帐号,密码,昵称,年级,专业,邮箱,手机,余额,收货地址,状态) VALUES(13,'201610311013','123456','吴子非','大三','计算机','351687317@qq.com','19013492365','365','上海海事大学','正常');
INSERT INTO 用户表(UID,帐号,密码,昵称,年级,专业,邮箱,手机,余额,收货地址,状态) VALUES(14,'201610311014','123456','朱书莹','大三','计算机','929654767@qq.com','16590731116','351','上海海事大学','正常');
INSERT INTO 用户表(UID,帐号,密码,昵称,年级,专业,邮箱,手机,余额,收货地址,状态) VALUES(15,'201610311015','123456','王鑫磊','大三','计算机','667617629@qq.com','18296766898','499','上海海事大学','正常');
INSERT INTO 用户表(UID,帐号,密码,昵称,年级,专业,邮箱,手机,余额,收货地址,状态) VALUES(16,'201610311016','123456','孙睿芸','大三','计算机','165788288@qq.com','12432547279','107','上海海事大学','正常');
INSERT INTO 用户表(UID,帐号,密码,昵称,年级,专业,邮箱,手机,余额,收货地址,状态) VALUES(17,'201610311017','123456','陈龙','大三','计算机','489086364@qq.com','19835387715','248','上海海事大学','正常');
INSERT INTO 用户表(UID,帐号,密码,昵称,年级,专业,邮箱,手机,余额,收货地址,状态) VALUES(18,'201610311018','123456','汪伦','大三','计算机','934026159@qq.com','18530555297','205','上海海事大学','正常');
INSERT INTO 用户表(UID,帐号,密码,昵称,年级,专业,邮箱,手机,余额,收货地址,状态) VALUES(19,'201610311019','123456','李思远','大三','计算机','901982837@qq.com','16525967874','361','上海海事大学','正常');
INSERT INTO 用户表(UID,帐号,密码,昵称,年级,专业,邮箱,手机,余额,收货地址,状态) VALUES(20,'201610311020','123456','吴宇冬','大三','计算机','384619941@qq.com','18155151069','248','上海海事大学','正常');
INSERT INTO 用户表(UID,帐号,密码,昵称,年级,专业,邮箱,手机,余额,收货地址,状态) VALUES(21,'201610311021','123456','褚静','大三','计算机','750250450@qq.com','16660915979','152','上海海事大学','正常');
INSERT INTO 用户表(UID,帐号,密码,昵称,年级,专业,邮箱,手机,余额,收货地址,状态) VALUES(22,'201610311022','123456','晏露','大三','计算机','917570425@qq.com','15844399409','236','上海海事大学','正常');
INSERT INTO 用户表(UID,帐号,密码,昵称,年级,专业,邮箱,手机,余额,收货地址,状态) VALUES(23,'201610311023','123456','胡缤之','大三','计算机','429085813@qq.com','18156217091','263','上海海事大学','正常');
INSERT INTO 用户表(UID,帐号,密码,昵称,年级,专业,邮箱,手机,余额,收货地址,状态) VALUES(24,'201610311024','123456','陆东笙','大三','计算机','938759286@qq.com','19388870013','264','上海海事大学','正常');
INSERT INTO 用户表(UID,帐号,密码,昵称,年级,专业,邮箱,手机,余额,收货地址,状态) VALUES(25,'201610311025','123456','肖扬','大三','计算机','315256518@qq.com','18409493353','288','上海海事大学','正常');
INSERT INTO 用户表(UID,帐号,密码,昵称,年级,专业,邮箱,手机,余额,收货地址,状态) VALUES(26,'201610311026','123456','万如一','大三','计算机','427602896@qq.com','14388759297','433','上海海事大学','正常');
INSERT INTO 用户表(UID,帐号,密码,昵称,年级,专业,邮箱,手机,余额,收货地址,状态) VALUES(27,'201610311027','123456','何曦','大三','计算机','326587301@qq.com','14602057107','254','上海海事大学','正常');
INSERT INTO 用户表(UID,帐号,密码,昵称,年级,专业,邮箱,手机,余额,收货地址,状态) VALUES(28,'201610311028','123456','占国志','大三','计算机','577869463@qq.com','15373944370','381','上海海事大学','正常');
INSERT INTO 用户表(UID,帐号,密码,昵称,年级,专业,邮箱,手机,余额,收货地址,状态) VALUES(29,'201610311029','123456','李杉','大三','计算机','612922917@qq.com','16916161046','136','上海海事大学','正常');
INSERT INTO 用户表(UID,帐号,密码,昵称,年级,专业,邮箱,手机,余额,收货地址,状态) VALUES(30,'201610311030','123456','张健','大三','计算机','629497417@qq.com','16314566613','478','上海海事大学','正常');
INSERT INTO 用户表(UID,帐号,密码,昵称,年级,专业,邮箱,手机,余额,收货地址,状态) VALUES(31,'201610311031','123456','马云','大三','计算机','363170363@qq.com','14792133447','149','上海海事大学','正常');
INSERT INTO 用户表(UID,帐号,密码,昵称,年级,专业,邮箱,手机,余额,收货地址,状态) VALUES(32,'201610311032','123456','陈永聪','大三','计算机','226018401@qq.com','16358043139','129','上海海事大学','正常');
INSERT INTO 用户表(UID,帐号,密码,昵称,年级,专业,邮箱,手机,余额,收货地址,状态) VALUES(33,'201610311033','123456','叶得力・阿哈提','大三','计算机','154291448@qq.com','12210932295','261','上海海事大学','正常');
INSERT INTO 用户表(UID,帐号,密码,昵称,年级,专业,邮箱,手机,余额,收货地址,状态) VALUES(34,'201610311034','123456','季恒','大三','计算机','716403180@qq.com','16723127556','241','上海海事大学','正常');
INSERT INTO 用户表(UID,帐号,密码,昵称,年级,专业,邮箱,手机,余额,收货地址,状态) VALUES(35,'201610311035','123456','靳文婷','大三','计算机','751245757@qq.com','19683050090','102','上海海事大学','黑名单');
INSERT INTO 用户表(UID,帐号,密码,昵称,年级,专业,邮箱,手机,余额,收货地址,状态) VALUES(36,'201610311036','123456','孙伟华','大三','计算机','147201369@qq.com','19710620351','356','上海海事大学','正常');
INSERT INTO 用户表(UID,帐号,密码,昵称,年级,专业,邮箱,手机,余额,收货地址,状态) VALUES(37,'201610311037','123456','黄雅雯','大三','计算机','803495686@qq.com','19418013740','105','上海海事大学','正常');
INSERT INTO 用户表(UID,帐号,密码,昵称,年级,专业,邮箱,手机,余额,收货地址,状态) VALUES(38,'201610311038','123456','顾晟超','大三','计算机','715713953@qq.com','18778595865','217','上海海事大学','正常');
INSERT INTO 用户表(UID,帐号,密码,昵称,年级,专业,邮箱,手机,余额,收货地址,状态) VALUES(39,'201610311039','123456','丁瀚东','大三','计算机','265876406@qq.com','11639665680','199','上海海事大学','正常');
INSERT INTO 用户表(UID,帐号,密码,昵称,年级,专业,邮箱,手机,余额,收货地址,状态) VALUES(40,'201610311040','123456','张啸虎','大三','计算机','594895344@qq.com','13802351412','483','上海海事大学','正常');
INSERT INTO 用户表(UID,帐号,密码,昵称,年级,专业,邮箱,手机,余额,收货地址,状态) VALUES(41,'201610311041','123456','吴宇晖','大三','计算机','310058462@qq.com','13097545671','377','上海海事大学','正常');
INSERT INTO 用户表(UID,帐号,密码,昵称,年级,专业,邮箱,手机,余额,收货地址,状态) VALUES(42,'201610311042','123456','马菡F','大三','计算机','964927764@qq.com','15940398919','225','上海海事大学','正常');
INSERT INTO 用户表(UID,帐号,密码,昵称,年级,专业,邮箱,手机,余额,收货地址,状态) VALUES(43,'201610311043','123456','洪嘉晖','大三','计算机','508133279@qq.com','13861725750','107','上海海事大学','正常');
INSERT INTO 用户表(UID,帐号,密码,昵称,年级,专业,邮箱,手机,余额,收货地址,状态) VALUES(44,'201610311044','123456','杨朱忠','大三','计算机','161439681@qq.com','19374420758','299','上海海事大学','正常');
INSERT INTO 用户表(UID,帐号,密码,昵称,年级,专业,邮箱,手机,余额,收货地址,状态) VALUES(45,'201610311045','123456','范晓苇','大三','计算机','876892920@qq.com','13797053638','421','上海海事大学','正常');
INSERT INTO 用户表(UID,帐号,密码,昵称,年级,专业,邮箱,手机,余额,收货地址,状态) VALUES(46,'201610311046','123456','李鼎','大三','计算机','212416628@qq.com','18454536257','372','上海海事大学','正常');
INSERT INTO 用户表(UID,帐号,密码,昵称,年级,专业,邮箱,手机,余额,收货地址,状态) VALUES(47,'201610311047','123456','冯一丁','大三','计算机','254638252@qq.com','15174918689','149','上海海事大学','正常');
INSERT INTO 用户表(UID,帐号,密码,昵称,年级,专业,邮箱,手机,余额,收货地址,状态) VALUES(48,'201610311048','123456','郑昊乐','大三','计算机','407021748@qq.com','14015300796','295','上海海事大学','正常');
INSERT INTO 用户表(UID,帐号,密码,昵称,年级,专业,邮箱,手机,余额,收货地址,状态) VALUES(49,'201610311049','123456','虞昌远','大三','计算机','864668339@qq.com','14277944875','292','上海海事大学','正常');
INSERT INTO 用户表(UID,帐号,密码,昵称,年级,专业,邮箱,手机,余额,收货地址,状态) VALUES(50,'201610311050','123456','孙潇宇','大三','计算机','192219447@qq.com','16249814711','330','上海海事大学','正常');
INSERT INTO 用户表(UID,帐号,密码,昵称,年级,专业,邮箱,手机,余额,收货地址,状态) VALUES(51,'201610311051','123456','赵萍萍','大三','计算机','894422703@qq.com','15116236572','338','上海海事大学','正常');
INSERT INTO 用户表(UID,帐号,密码,昵称,年级,专业,邮箱,手机,余额,收货地址,状态) VALUES(52,'201610311052','123456','陈泽锋','大三','计算机','448817680@qq.com','16513478152','311','上海海事大学','正常');
INSERT INTO 用户表(UID,帐号,密码,昵称,年级,专业,邮箱,手机,余额,收货地址,状态) VALUES(53,'201610311053','123456','许煜龙','大三','计算机','408878752@qq.com','13954042393','271','上海海事大学','正常');
INSERT INTO 用户表(UID,帐号,密码,昵称,年级,专业,邮箱,手机,余额,收货地址,状态) VALUES(54,'201610311054','123456','李紫璇','大三','计算机','588631842@qq.com','15750971711','497','上海海事大学','正常');
INSERT INTO 用户表(UID,帐号,密码,昵称,年级,专业,邮箱,手机,余额,收货地址,状态) VALUES(55,'201610311055','123456','刘小敏','大三','计算机','364615639@qq.com','18024278302','358','上海海事大学','正常');
INSERT INTO 用户表(UID,帐号,密码,昵称,年级,专业,邮箱,手机,余额,收货地址,状态) VALUES(56,'201610311056','123456','杨星','大三','计算机','383609882@qq.com','12164137958','356','上海海事大学','正常');
INSERT INTO 用户表(UID,帐号,密码,昵称,年级,专业,邮箱,手机,余额,收货地址,状态) VALUES(57,'201610311057','123456','王盛楠','大三','计算机','154006517@qq.com','12285233752','241','上海海事大学','正常');
INSERT INTO 用户表(UID,帐号,密码,昵称,年级,专业,邮箱,手机,余额,收货地址,状态) VALUES(58,'201610311058','123456','杨淼涵','大三','计算机','992882963@qq.com','13080945885','469','上海海事大学','正常');
INSERT INTO 用户表(UID,帐号,密码,昵称,年级,专业,邮箱,手机,余额,收货地址,状态) VALUES(59,'201610311059','123456','李萌','大三','计算机','255604575@qq.com','19411177838','170','上海海事大学','正常');
INSERT INTO 用户表(UID,帐号,密码,昵称,年级,专业,邮箱,手机,余额,收货地址,状态) VALUES(60,'201610311061','123456','冯灿','大三','计算机','955275292@qq.com','11204548628','406','上海海事大学','正常');
INSERT INTO 用户表(UID,帐号,密码,昵称,年级,专业,邮箱,手机,余额,收货地址,状态) VALUES(61,'201610311062','123456','况婧','大三','计算机','309059955@qq.com','11247021395','498','上海海事大学','正常');
INSERT INTO 用户表(UID,帐号,密码,昵称,年级,专业,邮箱,手机,余额,收货地址,状态) VALUES(62,'201610311063','123456','于鹏','大三','计算机','240688963@qq.com','16377331644','425','上海海事大学','正常');
INSERT INTO 用户表(UID,帐号,密码,昵称,年级,专业,邮箱,手机,余额,收货地址,状态) VALUES(63,'201610311064','123456','沈峻宏','大三','计算机','698851957@qq.com','16617867442','118','上海海事大学','正常');
INSERT INTO 用户表(UID,帐号,密码,昵称,年级,专业,邮箱,手机,余额,收货地址,状态) VALUES(64,'201610311065','123456','张耀东','大三','计算机','752067873@qq.com','18710367370','438','上海海事大学','正常');
INSERT INTO 用户表(UID,帐号,密码,昵称,年级,专业,邮箱,手机,余额,收货地址,状态) VALUES(65,'201610311066','123456','李昂','大三','计算机','396553595@qq.com','16691023112','371','上海海事大学','正常');
INSERT INTO 用户表(UID,帐号,密码,昵称,年级,专业,邮箱,手机,余额,收货地址,状态) VALUES(66,'201610311067','123456','李林轩','大三','计算机','960789726@qq.com','13598554437','217','上海海事大学','正常');
INSERT INTO 用户表(UID,帐号,密码,昵称,年级,专业,邮箱,手机,余额,收货地址,状态) VALUES(67,'201610311068','123456','施程博','大三','计算机','483904978@qq.com','12353537123','338','上海海事大学','正常');
INSERT INTO 用户表(UID,帐号,密码,昵称,年级,专业,邮箱,手机,余额,收货地址,状态) VALUES(68,'201610311069','123456','何宗正','大三','计算机','361016560@qq.com','17223869205','244','上海海事大学','正常');
INSERT INTO 用户表(UID,帐号,密码,昵称,年级,专业,邮箱,手机,余额,收货地址,状态) VALUES(69,'201610311070','123456','戴奕超','大三','计算机','209951386@qq.com','17212241371','318','上海海事大学','正常');
INSERT INTO 用户表(UID,帐号,密码,昵称,年级,专业,邮箱,手机,余额,收货地址,状态) VALUES(70,'201610311071','123456','丁思聿','大三','计算机','277974833@qq.com','14693723721','207','上海海事大学','黑名单');
INSERT INTO 用户表(UID,帐号,密码,昵称,年级,专业,邮箱,手机,余额,收货地址,状态) VALUES(71,'201610311072','123456','周雨岚','大三','计算机','659895055@qq.com','19813556692','447','上海海事大学','正常');
INSERT INTO 用户表(UID,帐号,密码,昵称,年级,专业,邮箱,手机,余额,收货地址,状态) VALUES(72,'201610311073','123456','杨阳','大三','计算机','866279134@qq.com','17692157482','295','上海海事大学','正常');
INSERT INTO 用户表(UID,帐号,密码,昵称,年级,专业,邮箱,手机,余额,收货地址,状态) VALUES(73,'201610311074','123456','张静怡','大三','计算机','876357943@qq.com','17124275189','440','上海海事大学','正常');
INSERT INTO 用户表(UID,帐号,密码,昵称,年级,专业,邮箱,手机,余额,收货地址,状态) VALUES(74,'201610311075','123456','乐山','大三','计算机','730958297@qq.com','16649556754','384','上海海事大学','正常');
INSERT INTO 用户表(UID,帐号,密码,昵称,年级,专业,邮箱,手机,余额,收货地址,状态) VALUES(75,'201610311076','123456','樊陈','大三','计算机','303987172@qq.com','14660797744','191','上海海事大学','正常');
INSERT INTO 用户表(UID,帐号,密码,昵称,年级,专业,邮箱,手机,余额,收货地址,状态) VALUES(76,'201610311077','123456','姚帅庭','大三','计算机','733494542@qq.com','11520196336','472','上海海事大学','正常');
INSERT INTO 用户表(UID,帐号,密码,昵称,年级,专业,邮箱,手机,余额,收货地址,状态) VALUES(77,'201610311078','123456','屠林猛','大三','计算机','560626779@qq.com','16042737207','150','上海海事大学','正常');
INSERT INTO 用户表(UID,帐号,密码,昵称,年级,专业,邮箱,手机,余额,收货地址,状态) VALUES(78,'201610311079','123456','钱品馨','大三','计算机','101193693@qq.com','13571425043','452','上海海事大学','正常');
INSERT INTO 用户表(UID,帐号,密码,昵称,年级,专业,邮箱,手机,余额,收货地址,状态) VALUES(79,'201610311080','123456','周箐源','大三','计算机','577615107@qq.com','14997940302','324','上海海事大学','正常');
INSERT INTO 用户表(UID,帐号,密码,昵称,年级,专业,邮箱,手机,余额,收货地址,状态) VALUES(80,'201610311081','123456','张丰翼','大三','计算机','104056069@qq.com','14870787357','377','上海海事大学','正常');
INSERT INTO 用户表(UID,帐号,密码,昵称,年级,专业,邮箱,手机,余额,收货地址,状态) VALUES(81,'201610311082','123456','赵理想','大三','计算机','441734710@qq.com','16007741971','480','上海海事大学','正常');
INSERT INTO 用户表(UID,帐号,密码,昵称,年级,专业,邮箱,手机,余额,收货地址,状态) VALUES(82,'201610311083','123456','董静','大三','计算机','949293741@qq.com','11405543401','424','上海海事大学','正常');
INSERT INTO 用户表(UID,帐号,密码,昵称,年级,专业,邮箱,手机,余额,收货地址,状态) VALUES(83,'201610311084','123456','胡翔坤','大三','计算机','976149537@qq.com','18421275457','232','上海海事大学','正常');
INSERT INTO 用户表(UID,帐号,密码,昵称,年级,专业,邮箱,手机,余额,收货地址,状态) VALUES(84,'201610311085','123456','李钦源','大三','计算机','776853348@qq.com','19195191829','137','上海海事大学','正常');
INSERT INTO 用户表(UID,帐号,密码,昵称,年级,专业,邮箱,手机,余额,收货地址,状态) VALUES(85,'201610311086','123456','王海艳','大三','计算机','740520408@qq.com','11421876184','241','上海海事大学','正常');
INSERT INTO 用户表(UID,帐号,密码,昵称,年级,专业,邮箱,手机,余额,收货地址,状态) VALUES(86,'201610311087','123456','吴嘉坤','大三','计算机','929879515@qq.com','14799832458','445','上海海事大学','正常');
INSERT INTO 用户表(UID,帐号,密码,昵称,年级,专业,邮箱,手机,余额,收货地址,状态) VALUES(87,'201610311088','123456','卓彦志','大三','计算机','421186590@qq.com','11704864384','115','上海海事大学','正常');
INSERT INTO 用户表(UID,帐号,密码,昵称,年级,专业,邮箱,手机,余额,收货地址,状态) VALUES(88,'201610311089','123456','陈美玲','大三','计算机','163219344@qq.com','15536136119','281','上海海事大学','正常');
INSERT INTO 用户表(UID,帐号,密码,昵称,年级,专业,邮箱,手机,余额,收货地址,状态) VALUES(89,'201610311090','123456','豆楠','大三','计算机','222489636@qq.com','18142377817','213','上海海事大学','正常');
INSERT INTO 用户表(UID,帐号,密码,昵称,年级,专业,邮箱,手机,余额,收货地址,状态) VALUES(90,'201610311091','123456','邹晨露','大三','计算机','730126020@qq.com','17593028326','170','上海海事大学','正常');
INSERT INTO 用户表(UID,帐号,密码,昵称,年级,专业,邮箱,手机,余额,收货地址,状态) VALUES(91,'201610311092','123456','杨涛','大三','计算机','282558037@qq.com','15976991344','445','上海海事大学','正常');
INSERT INTO 用户表(UID,帐号,密码,昵称,年级,专业,邮箱,手机,余额,收货地址,状态) VALUES(92,'201610311093','123456','唐煜皓','大三','计算机','342693690@qq.com','18663727339','156','上海海事大学','正常');
INSERT INTO 用户表(UID,帐号,密码,昵称,年级,专业,邮箱,手机,余额,收货地址,状态) VALUES(93,'201610311094','123456','洪珊娜','大三','计算机','493799221@qq.com','19871305035','451','上海海事大学','正常');
INSERT INTO 用户表(UID,帐号,密码,昵称,年级,专业,邮箱,手机,余额,收货地址,状态) VALUES(94,'201610311095','123456','卓佳源','大三','计算机','541247645@qq.com','16674806136','296','上海海事大学','正常');
INSERT INTO 用户表(UID,帐号,密码,昵称,年级,专业,邮箱,手机,余额,收货地址,状态) VALUES(95,'201610311096','123456','邓思庆','大三','计算机','383055564@qq.com','12405251378','423','上海海事大学','正常');
INSERT INTO 用户表(UID,帐号,密码,昵称,年级,专业,邮箱,手机,余额,收货地址,状态) VALUES(96,'201610311097','123456','顾筱琰','大三','计算机','343730880@qq.com','15954723532','374','上海海事大学','正常');
INSERT INTO 用户表(UID,帐号,密码,昵称,年级,专业,邮箱,手机,余额,收货地址,状态) VALUES(97,'201610311098','123456','蔡娇娇','大三','计算机','132756122@qq.com','11983600137','200','上海海事大学','正常');
INSERT INTO 用户表(UID,帐号,密码,昵称,年级,专业,邮箱,手机,余额,收货地址,状态) VALUES(98,'201610311099','123456','付丽菲','大三','计算机','283379318@qq.com','17111259472','364','上海海事大学','正常');
INSERT INTO 用户表(UID,帐号,密码,昵称,年级,专业,邮箱,手机,余额,收货地址,状态) VALUES(99,'201610311100','123456','来正强','大三','计算机','657710290@qq.com','14949107552','391','上海海事大学','正常');
INSERT INTO 用户表(UID,帐号,密码,昵称,年级,专业,邮箱,手机,余额,收货地址,状态) VALUES(100,'201610311101','123456','龚逸文','大三','计算机','146947510@qq.com','15672153852','385','上海海事大学','正常');
INSERT INTO 用户表(UID,帐号,密码,昵称,年级,专业,邮箱,手机,余额,收货地址,状态) VALUES(101,'201610311102','123456','朱哲颖','大三','计算机','183197367@qq.com','12642375203','383','上海海事大学','正常');
INSERT INTO 用户表(UID,帐号,密码,昵称,年级,专业,邮箱,手机,余额,收货地址,状态) VALUES(102,'201610311103','123456','潘徐杰','大三','计算机','954062939@qq.com','13964472555','478','上海海事大学','正常');
INSERT INTO 用户表(UID,帐号,密码,昵称,年级,专业,邮箱,手机,余额,收货地址,状态) VALUES(103,'201610311104','123456','张俊帆','大三','计算机','664917747@qq.com','19290644727','486','上海海事大学','正常');
INSERT INTO 用户表(UID,帐号,密码,昵称,年级,专业,邮箱,手机,余额,收货地址,状态) VALUES(104,'201610311105','123456','王晓晨','大三','计算机','435159567@qq.com','14088746074','222','上海海事大学','正常');
INSERT INTO 用户表(UID,帐号,密码,昵称,年级,专业,邮箱,手机,余额,收货地址,状态) VALUES(105,'201610311106','123456','缪奕晟','大三','计算机','660749190@qq.com','15867715089','434','上海海事大学','黑名单');
INSERT INTO 用户表(UID,帐号,密码,昵称,年级,专业,邮箱,手机,余额,收货地址,状态) VALUES(106,'201610311107','123456','宋乐','大三','计算机','326667806@qq.com','17110674630','293','上海海事大学','正常');
INSERT INTO 用户表(UID,帐号,密码,昵称,年级,专业,邮箱,手机,余额,收货地址,状态) VALUES(107,'201610311108','123456','杨墨政','大三','计算机','975613897@qq.com','13779017079','313','上海海事大学','正常');
INSERT INTO 用户表(UID,帐号,密码,昵称,年级,专业,邮箱,手机,余额,收货地址,状态) VALUES(108,'201610311109','123456','阮如刚','大三','计算机','667424139@qq.com','11660446012','482','上海海事大学','正常');
INSERT INTO 用户表(UID,帐号,密码,昵称,年级,专业,邮箱,手机,余额,收货地址,状态) VALUES(109,'201610311110','123456','蒋亚丽','大三','计算机','802439173@qq.com','16148085426','242','上海海事大学','正常');
INSERT INTO 用户表(UID,帐号,密码,昵称,年级,专业,邮箱,手机,余额,收货地址,状态) VALUES(110,'201610311111','123456','井卓','大三','计算机','891768952@qq.com','13923373745','495','上海海事大学','正常');
INSERT INTO 用户表(UID,帐号,密码,昵称,年级,专业,邮箱,手机,余额,收货地址,状态) VALUES(111,'201610311112','123456','郁旭晖','大三','计算机','951061924@qq.com','14826003380','310','上海海事大学','正常');
INSERT INTO 用户表(UID,帐号,密码,昵称,年级,专业,邮箱,手机,余额,收货地址,状态) VALUES(112,'201610311113','123456','蔡颖锋','大三','计算机','240820707@qq.com','19759574363','327','上海海事大学','正常');
INSERT INTO 用户表(UID,帐号,密码,昵称,年级,专业,邮箱,手机,余额,收货地址,状态) VALUES(113,'201610311114','123456','叶玉萍','大三','计算机','127782417@qq.com','16709345340','426','上海海事大学','正常');
INSERT INTO 用户表(UID,帐号,密码,昵称,年级,专业,邮箱,手机,余额,收货地址,状态) VALUES(114,'201610311115','123456','程馨','大三','计算机','244342065@qq.com','15639882316','317','上海海事大学','正常');
INSERT INTO 用户表(UID,帐号,密码,昵称,年级,专业,邮箱,手机,余额,收货地址,状态) VALUES(115,'201610311116','123456','李铠桐','大三','计算机','204761079@qq.com','18089094482','244','上海海事大学','正常');
INSERT INTO 用户表(UID,帐号,密码,昵称,年级,专业,邮箱,手机,余额,收货地址,状态) VALUES(116,'201610311117','123456','范立','大三','计算机','550143488@qq.com','13368068071','171','上海海事大学','正常');
INSERT INTO 用户表(UID,帐号,密码,昵称,年级,专业,邮箱,手机,余额,收货地址,状态) VALUES(117,'201610311118','123456','张玉莹','大三','计算机','263618893@qq.com','15496673922','249','上海海事大学','正常');
INSERT INTO 用户表(UID,帐号,密码,昵称,年级,专业,邮箱,手机,余额,收货地址,状态) VALUES(118,'201610311120','123456','吴琦u','大三','计算机','227276932@qq.com','13517666347','466','上海海事大学','正常');
INSERT INTO 用户表(UID,帐号,密码,昵称,年级,专业,邮箱,手机,余额,收货地址,状态) VALUES(119,'201610311121','123456','尹俊杰','大三','计算机','205430062@qq.com','18171405804','402','上海海事大学','正常');
INSERT INTO 用户表(UID,帐号,密码,昵称,年级,专业,邮箱,手机,余额,收货地址,状态) VALUES(120,'201610311122','123456','郭姿岩','大三','计算机','708898349@qq.com','18196306050','229','上海海事大学','正常');
INSERT INTO 用户表(UID,帐号,密码,昵称,年级,专业,邮箱,手机,余额,收货地址,状态) VALUES(121,'201610311123','123456','王晗','大三','计算机','963114999@qq.com','18682185193','465','上海海事大学','正常');
INSERT INTO 用户表(UID,帐号,密码,昵称,年级,专业,邮箱,手机,余额,收货地址,状态) VALUES(122,'201610311124','123456','莫永盈','大三','计算机','442895008@qq.com','17880787884','152','上海海事大学','正常');
INSERT INTO 用户表(UID,帐号,密码,昵称,年级,专业,邮箱,手机,余额,收货地址,状态) VALUES(123,'201610311125','123456','林佳琰','大三','计算机','176437254@qq.com','11380547180','364','上海海事大学','正常');
INSERT INTO 用户表(UID,帐号,密码,昵称,年级,专业,邮箱,手机,余额,收货地址,状态) VALUES(124,'201610311126','123456','蒋忱岑','大三','计算机','436126818@qq.com','12862449519','372','上海海事大学','正常');
INSERT INTO 用户表(UID,帐号,密码,昵称,年级,专业,邮箱,手机,余额,收货地址,状态) VALUES(125,'201610311127','123456','刘华鑫','大三','计算机','981790540@qq.com','15137436656','328','上海海事大学','正常');
INSERT INTO 用户表(UID,帐号,密码,昵称,年级,专业,邮箱,手机,余额,收货地址,状态) VALUES(126,'201610311128','123456','贺泉涛','大三','计算机','128456316@qq.com','13051143012','207','上海海事大学','正常');
INSERT INTO 用户表(UID,帐号,密码,昵称,年级,专业,邮箱,手机,余额,收货地址,状态) VALUES(127,'201610311129','123456','徐刚','大三','计算机','431737003@qq.com','16388477366','136','上海海事大学','正常');
INSERT INTO 用户表(UID,帐号,密码,昵称,年级,专业,邮箱,手机,余额,收货地址,状态) VALUES(128,'201610311130','123456','申博文','大三','计算机','793434798@qq.com','18241869669','148','上海海事大学','正常');
INSERT INTO 用户表(UID,帐号,密码,昵称,年级,专业,邮箱,手机,余额,收货地址,状态) VALUES(129,'201610311131','123456','檀莹莹','大三','计算机','553306791@qq.com','16595823438','474','上海海事大学','正常');
INSERT INTO 用户表(UID,帐号,密码,昵称,年级,专业,邮箱,手机,余额,收货地址,状态) VALUES(130,'201610311132','123456','李秀文','大三','计算机','135798929@qq.com','15488362572','358','上海海事大学','正常');
INSERT INTO 用户表(UID,帐号,密码,昵称,年级,专业,邮箱,手机,余额,收货地址,状态) VALUES(131,'201610311133','123456','查自强','大三','计算机','838220590@qq.com','17194409522','251','上海海事大学','正常');
INSERT INTO 用户表(UID,帐号,密码,昵称,年级,专业,邮箱,手机,余额,收货地址,状态) VALUES(132,'201610311134','123456','陈博文','大三','计算机','854282449@qq.com','12956636607','152','上海海事大学','正常');
INSERT INTO 用户表(UID,帐号,密码,昵称,年级,专业,邮箱,手机,余额,收货地址,状态) VALUES(133,'201610311135','123456','张声达','大三','计算机','642494809@qq.com','18176266860','303','上海海事大学','正常');
INSERT INTO 用户表(UID,帐号,密码,昵称,年级,专业,邮箱,手机,余额,收货地址,状态) VALUES(134,'201610311136','123456','陈芯谊','大三','计算机','743644786@qq.com','15731870651','152','上海海事大学','正常');
INSERT INTO 用户表(UID,帐号,密码,昵称,年级,专业,邮箱,手机,余额,收货地址,状态) VALUES(135,'201610311137','123456','邱龙志','大三','计算机','642822326@qq.com','13999866576','498','上海海事大学','正常');
INSERT INTO 用户表(UID,帐号,密码,昵称,年级,专业,邮箱,手机,余额,收货地址,状态) VALUES(136,'201610311138','123456','覃泽宽','大三','计算机','256310212@qq.com','13960922046','388','上海海事大学','正常');
INSERT INTO 用户表(UID,帐号,密码,昵称,年级,专业,邮箱,手机,余额,收货地址,状态) VALUES(137,'201610311139','123456','刘浩荣','大三','计算机','393811644@qq.com','18242334416','207','上海海事大学','正常');
INSERT INTO 用户表(UID,帐号,密码,昵称,年级,专业,邮箱,手机,余额,收货地址,状态) VALUES(138,'201610311140','123456','马骥','大三','计算机','132151569@qq.com','12749426581','463','上海海事大学','正常');
INSERT INTO 用户表(UID,帐号,密码,昵称,年级,专业,邮箱,手机,余额,收货地址,状态) VALUES(139,'201610311141','123456','郭封东','大三','计算机','456081964@qq.com','14621576259','268','上海海事大学','正常');
INSERT INTO 用户表(UID,帐号,密码,昵称,年级,专业,邮箱,手机,余额,收货地址,状态) VALUES(140,'201610311142','123456','冷悦','大三','计算机','191443050@qq.com','18295786702','110','上海海事大学','黑名单');
INSERT INTO 用户表(UID,帐号,密码,昵称,年级,专业,邮箱,手机,余额,收货地址,状态) VALUES(141,'201610311143','123456','郑安贤','大三','计算机','977780521@qq.com','14319927744','445','上海海事大学','正常');
INSERT INTO 用户表(UID,帐号,密码,昵称,年级,专业,邮箱,手机,余额,收货地址,状态) VALUES(142,'201610311144','123456','袁雪芹','大三','计算机','667572758@qq.com','18988318911','181','上海海事大学','正常');
INSERT INTO 用户表(UID,帐号,密码,昵称,年级,专业,邮箱,手机,余额,收货地址,状态) VALUES(143,'201610311145','123456','杨澜','大三','计算机','369851250@qq.com','14834001076','450','上海海事大学','正常');
INSERT INTO 用户表(UID,帐号,密码,昵称,年级,专业,邮箱,手机,余额,收货地址,状态) VALUES(144,'201610311146','123456','张宇洁','大三','计算机','563170205@qq.com','11608216831','472','上海海事大学','正常');
INSERT INTO 用户表(UID,帐号,密码,昵称,年级,专业,邮箱,手机,余额,收货地址,状态) VALUES(145,'201610311147','123456','尹含磊','大三','计算机','866602036@qq.com','17263062479','447','上海海事大学','正常');
INSERT INTO 用户表(UID,帐号,密码,昵称,年级,专业,邮箱,手机,余额,收货地址,状态) VALUES(146,'201610311148','123456','马杰','大三','计算机','710474190@qq.com','13381499369','341','上海海事大学','正常');
INSERT INTO 用户表(UID,帐号,密码,昵称,年级,专业,邮箱,手机,余额,收货地址,状态) VALUES(147,'201610311150','123456','顾宇晴','大三','计算机','154205209@qq.com','14901612013','339','上海海事大学','正常');
INSERT INTO 用户表(UID,帐号,密码,昵称,年级,专业,邮箱,手机,余额,收货地址,状态) VALUES(148,'201610311151','123456','沈依芸','大三','计算机','933409979@qq.com','11992113320','451','上海海事大学','正常');
INSERT INTO 用户表(UID,帐号,密码,昵称,年级,专业,邮箱,手机,余额,收货地址,状态) VALUES(149,'201610311152','123456','钟杰','大三','计算机','867030753@qq.com','15821450132','192','上海海事大学','正常');
INSERT INTO 用户表(UID,帐号,密码,昵称,年级,专业,邮箱,手机,余额,收货地址,状态) VALUES(150,'201610311153','123456','陈露健','大三','计算机','600195349@qq.com','12695839938','268','上海海事大学','正常');
INSERT INTO 用户表(UID,帐号,密码,昵称,年级,专业,邮箱,手机,余额,收货地址,状态) VALUES(151,'201610311154','123456','陈君亮','大三','计算机','803163540@qq.com','17277264602','225','上海海事大学','正常');
INSERT INTO 用户表(UID,帐号,密码,昵称,年级,专业,邮箱,手机,余额,收货地址,状态) VALUES(152,'201610311155','123456','王兆瑞','大三','计算机','453347953@qq.com','16445878650','428','上海海事大学','正常');
INSERT INTO 用户表(UID,帐号,密码,昵称,年级,专业,邮箱,手机,余额,收货地址,状态) VALUES(153,'201610311156','123456','黄恩浩','大三','计算机','676664736@qq.com','11771057943','189','上海海事大学','正常');
INSERT INTO 用户表(UID,帐号,密码,昵称,年级,专业,邮箱,手机,余额,收货地址,状态) VALUES(154,'201610311157','123456','刘杰寅','大三','计算机','567708359@qq.com','16192871127','163','上海海事大学','正常');
INSERT INTO 用户表(UID,帐号,密码,昵称,年级,专业,邮箱,手机,余额,收货地址,状态) VALUES(155,'201610311158','123456','陈鹏','大三','计算机','516216643@qq.com','13717260208','303','上海海事大学','正常');
INSERT INTO 用户表(UID,帐号,密码,昵称,年级,专业,邮箱,手机,余额,收货地址,状态) VALUES(156,'201610311159','123456','林沿铮','大三','计算机','824243191@qq.com','18014937817','337','上海海事大学','正常');
INSERT INTO 用户表(UID,帐号,密码,昵称,年级,专业,邮箱,手机,余额,收货地址,状态) VALUES(157,'201610311160','123456','江童欣','大三','计算机','595933803@qq.com','13536460813','281','上海海事大学','正常');
INSERT INTO 用户表(UID,帐号,密码,昵称,年级,专业,邮箱,手机,余额,收货地址,状态) VALUES(158,'201610311161','123456','吴俊杰','大三','计算机','532417558@qq.com','19302569387','497','上海海事大学','正常');
INSERT INTO 用户表(UID,帐号,密码,昵称,年级,专业,邮箱,手机,余额,收货地址,状态) VALUES(159,'201610311162','123456','唐鑫','大三','计算机','292061940@qq.com','11438690310','141','上海海事大学','正常');
INSERT INTO 用户表(UID,帐号,密码,昵称,年级,专业,邮箱,手机,余额,收货地址,状态) VALUES(160,'201610311163','123456','左雪婷','大三','计算机','931960113@qq.com','13314342665','330','上海海事大学','正常');
INSERT INTO 用户表(UID,帐号,密码,昵称,年级,专业,邮箱,手机,余额,收货地址,状态) VALUES(161,'201610311164','123456','陆璐','大三','计算机','646260527@qq.com','18763109979','261','上海海事大学','正常');
INSERT INTO 用户表(UID,帐号,密码,昵称,年级,专业,邮箱,手机,余额,收货地址,状态) VALUES(162,'201610311165','123456','李源','大三','计算机','892472852@qq.com','17704415233','489','上海海事大学','正常');
INSERT INTO 用户表(UID,帐号,密码,昵称,年级,专业,邮箱,手机,余额,收货地址,状态) VALUES(163,'201610311166','123456','储锐','大三','计算机','807633164@qq.com','13916161543','260','上海海事大学','正常');
INSERT INTO 用户表(UID,帐号,密码,昵称,年级,专业,邮箱,手机,余额,收货地址,状态) VALUES(164,'201610311167','123456','胡静雨','大三','计算机','575334839@qq.com','15721179505','127','上海海事大学','正常');
INSERT INTO 用户表(UID,帐号,密码,昵称,年级,专业,邮箱,手机,余额,收货地址,状态) VALUES(165,'201610311168','123456','李成虎','大三','计算机','248861056@qq.com','19423247576','373','上海海事大学','正常');
INSERT INTO 用户表(UID,帐号,密码,昵称,年级,专业,邮箱,手机,余额,收货地址,状态) VALUES(166,'201610311169','123456','巫志浩','大三','计算机','561782532@qq.com','19715810388','307','上海海事大学','正常');
INSERT INTO 用户表(UID,帐号,密码,昵称,年级,专业,邮箱,手机,余额,收货地址,状态) VALUES(167,'201610311170','123456','黄鑫皓','大三','计算机','525848899@qq.com','11012261084','100','上海海事大学','正常');
INSERT INTO 用户表(UID,帐号,密码,昵称,年级,专业,邮箱,手机,余额,收货地址,状态) VALUES(168,'201610311171','123456','王智斌','大三','计算机','733393847@qq.com','15104285298','191','上海海事大学','正常');
INSERT INTO 用户表(UID,帐号,密码,昵称,年级,专业,邮箱,手机,余额,收货地址,状态) VALUES(169,'201610311172','123456','江绍玮','大三','计算机','471521471@qq.com','15242553235','285','上海海事大学','正常');
INSERT INTO 用户表(UID,帐号,密码,昵称,年级,专业,邮箱,手机,余额,收货地址,状态) VALUES(170,'201610311173','123456','方润玉','大三','计算机','371311873@qq.com','15126387934','169','上海海事大学','正常');
INSERT INTO 用户表(UID,帐号,密码,昵称,年级,专业,邮箱,手机,余额,收货地址,状态) VALUES(171,'201610311174','123456','蒋高亮','大三','计算机','568188387@qq.com','16689029022','367','上海海事大学','正常');
INSERT INTO 用户表(UID,帐号,密码,昵称,年级,专业,邮箱,手机,余额,收货地址,状态) VALUES(172,'201610311175','123456','杨童超','大三','计算机','373705593@qq.com','12286939918','259','上海海事大学','正常');
INSERT INTO 用户表(UID,帐号,密码,昵称,年级,专业,邮箱,手机,余额,收货地址,状态) VALUES(173,'201610311176','123456','吴锦晗','大三','计算机','987995991@qq.com','15968423281','493','上海海事大学','正常');
INSERT INTO 用户表(UID,帐号,密码,昵称,年级,专业,邮箱,手机,余额,收货地址,状态) VALUES(174,'201610311177','123456','童彤','大三','计算机','524636635@qq.com','14384789411','181','上海海事大学','正常');
INSERT INTO 用户表(UID,帐号,密码,昵称,年级,专业,邮箱,手机,余额,收货地址,状态) VALUES(175,'201610311178','123456','王云乐','大三','计算机','998095084@qq.com','16921549793','316','上海海事大学','黑名单');
INSERT INTO 用户表(UID,帐号,密码,昵称,年级,专业,邮箱,手机,余额,收货地址,状态) VALUES(176,'201610311179','123456','李力','大三','计算机','179812399@qq.com','19729605703','326','上海海事大学','正常');
INSERT INTO 用户表(UID,帐号,密码,昵称,年级,专业,邮箱,手机,余额,收货地址,状态) VALUES(177,'201610311180','123456','郭东瑜','大三','计算机','817298457@qq.com','12598632711','289','上海海事大学','正常');
INSERT INTO 用户表(UID,帐号,密码,昵称,年级,专业,邮箱,手机,余额,收货地址,状态) VALUES(178,'201610311182','123456','王帅','大三','计算机','934589814@qq.com','12289522311','192','上海海事大学','正常');
INSERT INTO 用户表(UID,帐号,密码,昵称,年级,专业,邮箱,手机,余额,收货地址,状态) VALUES(179,'201610311183','123456','王建鑫','大三','计算机','194864780@qq.com','17531830927','454','上海海事大学','正常');
INSERT INTO 用户表(UID,帐号,密码,昵称,年级,专业,邮箱,手机,余额,收货地址,状态) VALUES(180,'201610311184','123456','陆琼雯','大三','计算机','140209762@qq.com','11884528514','300','上海海事大学','正常');
INSERT INTO 用户表(UID,帐号,密码,昵称,年级,专业,邮箱,手机,余额,收货地址,状态) VALUES(181,'201610311185','123456','金帅','大三','计算机','372391223@qq.com','13037854530','482','上海海事大学','正常');
INSERT INTO 用户表(UID,帐号,密码,昵称,年级,专业,邮箱,手机,余额,收货地址,状态) VALUES(182,'201610311186','123456','杨笑成','大三','计算机','245671809@qq.com','12718346615','363','上海海事大学','正常');
INSERT INTO 用户表(UID,帐号,密码,昵称,年级,专业,邮箱,手机,余额,收货地址,状态) VALUES(183,'201610311187','123456','唐煜','大三','计算机','237522334@qq.com','12321394314','237','上海海事大学','正常');
INSERT INTO 用户表(UID,帐号,密码,昵称,年级,专业,邮箱,手机,余额,收货地址,状态) VALUES(184,'201610311188','123456','秦振霄','大三','计算机','205932950@qq.com','19627171473','303','上海海事大学','正常');
INSERT INTO 用户表(UID,帐号,密码,昵称,年级,专业,邮箱,手机,余额,收货地址,状态) VALUES(185,'201610311189','123456','李闯','大三','计算机','823816602@qq.com','12281802876','255','上海海事大学','正常');
INSERT INTO 用户表(UID,帐号,密码,昵称,年级,专业,邮箱,手机,余额,收货地址,状态) VALUES(186,'201610311190','123456','陆锦晖','大三','计算机','401176368@qq.com','17135953807','181','上海海事大学','正常');
INSERT INTO 用户表(UID,帐号,密码,昵称,年级,专业,邮箱,手机,余额,收货地址,状态) VALUES(187,'201610311191','123456','杜康','大三','计算机','347737243@qq.com','14991660092','488','上海海事大学','正常');
INSERT INTO 用户表(UID,帐号,密码,昵称,年级,专业,邮箱,手机,余额,收货地址,状态) VALUES(188,'201610311192','123456','于继凯','大三','计算机','666398795@qq.com','12669758487','501','上海海事大学','正常');
INSERT INTO 用户表(UID,帐号,密码,昵称,年级,专业,邮箱,手机,余额,收货地址,状态) VALUES(189,'201610311193','123456','汪子豪','大三','计算机','850389285@qq.com','18198810655','336','上海海事大学','正常');
INSERT INTO 用户表(UID,帐号,密码,昵称,年级,专业,邮箱,手机,余额,收货地址,状态) VALUES(190,'201610311194','123456','林晔','大三','计算机','533691896@qq.com','11183516198','137','上海海事大学','正常');
INSERT INTO 用户表(UID,帐号,密码,昵称,年级,专业,邮箱,手机,余额,收货地址,状态) VALUES(191,'201610311195','123456','赵超','大三','计算机','437908033@qq.com','13892646397','412','上海海事大学','正常');
INSERT INTO 用户表(UID,帐号,密码,昵称,年级,专业,邮箱,手机,余额,收货地址,状态) VALUES(192,'201610311196','123456','张子君','大三','计算机','200318262@qq.com','14082347751','465','上海海事大学','正常');
INSERT INTO 用户表(UID,帐号,密码,昵称,年级,专业,邮箱,手机,余额,收货地址,状态) VALUES(193,'201610311197','123456','张得瑞','大三','计算机','329065474@qq.com','19487897598','289','上海海事大学','正常');
INSERT INTO 用户表(UID,帐号,密码,昵称,年级,专业,邮箱,手机,余额,收货地址,状态) VALUES(194,'201610311198','123456','刘志丹','大三','计算机','285910969@qq.com','14601800157','208','上海海事大学','正常');
INSERT INTO 用户表(UID,帐号,密码,昵称,年级,专业,邮箱,手机,余额,收货地址,状态) VALUES(195,'201610311200','123456','孙颖聪','大三','计算机','957449023@qq.com','19558302451','100','上海海事大学','正常');
INSERT INTO 用户表(UID,帐号,密码,昵称,年级,专业,邮箱,手机,余额,收货地址,状态) VALUES(196,'201610311201','123456','施天琦','大三','计算机','248556774@qq.com','14218989889','469','上海海事大学','正常');
INSERT INTO 用户表(UID,帐号,密码,昵称,年级,专业,邮箱,手机,余额,收货地址,状态) VALUES(197,'201610311202','123456','陈锡兴','大三','计算机','668097252@qq.com','15774109527','177','上海海事大学','正常');
INSERT INTO 用户表(UID,帐号,密码,昵称,年级,专业,邮箱,手机,余额,收货地址,状态) VALUES(198,'201610311203','123456','李江龙','大三','计算机','666740504@qq.com','11789194914','110','上海海事大学','正常');
INSERT INTO 用户表(UID,帐号,密码,昵称,年级,专业,邮箱,手机,余额,收货地址,状态) VALUES(199,'201610311204','123456','胡永鹏','大三','计算机','960806599@qq.com','18753567711','246','上海海事大学','正常');
INSERT INTO 用户表(UID,帐号,密码,昵称,年级,专业,邮箱,手机,余额,收货地址,状态) VALUES(200,'201310311205','123456','卢昌婷','大三','计算机','614760985@qq.com','19722741381','213','上海海事大学','正常');
INSERT INTO 用户表(UID,帐号,密码,昵称,年级,专业,邮箱,手机,余额,收货地址,状态) VALUES(201,'201610311206','123456','安桥锋','大三','计算机','774633692@qq.com','19717551201','308','上海海事大学','正常');
INSERT INTO 用户表(UID,帐号,密码,昵称,年级,专业,邮箱,手机,余额,收货地址,状态) VALUES(202,'201610311207','123456','朱程杰','大三','计算机','986649836@qq.com','13848287604','230','上海海事大学','正常');
INSERT INTO 用户表(UID,帐号,密码,昵称,年级,专业,邮箱,手机,余额,收货地址,状态) VALUES(203,'201610311208','123456','谢丰羽','大三','计算机','803588368@qq.com','19861840200','139','上海海事大学','正常');
INSERT INTO 用户表(UID,帐号,密码,昵称,年级,专业,邮箱,手机,余额,收货地址,状态) VALUES(204,'201610311209','123456','谢广伟','大三','计算机','250006759@qq.com','18294881782','170','上海海事大学','正常');
INSERT INTO 用户表(UID,帐号,密码,昵称,年级,专业,邮箱,手机,余额,收货地址,状态) VALUES(205,'201610311210','123456','胡津源','大三','计算机','267472184@qq.com','15402088502','234','上海海事大学','正常');
INSERT INTO 用户表(UID,帐号,密码,昵称,年级,专业,邮箱,手机,余额,收货地址,状态) VALUES(206,'201610311211','123456','付旎','大三','计算机','544491647@qq.com','11642408368','400','上海海事大学','正常');
INSERT INTO 用户表(UID,帐号,密码,昵称,年级,专业,邮箱,手机,余额,收货地址,状态) VALUES(207,'201610311212','123456','翁文静','大三','计算机','206675066@qq.com','15648393600','489','上海海事大学','正常');
INSERT INTO 用户表(UID,帐号,密码,昵称,年级,专业,邮箱,手机,余额,收货地址,状态) VALUES(208,'201610311213','123456','梁惠玲','大三','计算机','399112862@qq.com','18315935051','452','上海海事大学','正常');
INSERT INTO 用户表(UID,帐号,密码,昵称,年级,专业,邮箱,手机,余额,收货地址,状态) VALUES(209,'201610311214','123456','周安顺','大三','计算机','618362808@qq.com','15420506118','164','上海海事大学','正常');
INSERT INTO 用户表(UID,帐号,密码,昵称,年级,专业,邮箱,手机,余额,收货地址,状态) VALUES(210,'201610311215','123456','刘荣','大三','计算机','187730217@qq.com','18749502668','374','上海海事大学','黑名单');
INSERT INTO 用户表(UID,帐号,密码,昵称,年级,专业,邮箱,手机,余额,收货地址,状态) VALUES(211,'201610311216','123456','徐欣依','大三','计算机','805597993@qq.com','18563478359','250','上海海事大学','正常');
INSERT INTO 用户表(UID,帐号,密码,昵称,年级,专业,邮箱,手机,余额,收货地址,状态) VALUES(212,'201610311217','123456','杜以晴','大三','计算机','280965326@qq.com','19510676852','470','上海海事大学','正常');
INSERT INTO 用户表(UID,帐号,密码,昵称,年级,专业,邮箱,手机,余额,收货地址,状态) VALUES(213,'201610311218','123456','张伊凡','大三','计算机','805094424@qq.com','17445597476','260','上海海事大学','正常');
INSERT INTO 用户表(UID,帐号,密码,昵称,年级,专业,邮箱,手机,余额,收货地址,状态) VALUES(214,'201610311219','123456','冯源','大三','计算机','448728779@qq.com','17203740902','163','上海海事大学','正常');
INSERT INTO 用户表(UID,帐号,密码,昵称,年级,专业,邮箱,手机,余额,收货地址,状态) VALUES(215,'201610311220','123456','林琳','大三','计算机','204438142@qq.com','13384830149','375','上海海事大学','正常');
INSERT INTO 用户表(UID,帐号,密码,昵称,年级,专业,邮箱,手机,余额,收货地址,状态) VALUES(216,'201610311221','123456','韩嘉琛','大三','计算机','248429509@qq.com','16552563679','359','上海海事大学','正常');
INSERT INTO 用户表(UID,帐号,密码,昵称,年级,专业,邮箱,手机,余额,收货地址,状态) VALUES(217,'201610311222','123456','黄李阳','大三','计算机','517072009@qq.com','15291633201','158','上海海事大学','正常');
INSERT INTO 用户表(UID,帐号,密码,昵称,年级,专业,邮箱,手机,余额,收货地址,状态) VALUES(218,'201610311223','123456','王弈昕','大三','计算机','362938958@qq.com','18479359417','284','上海海事大学','正常');
INSERT INTO 用户表(UID,帐号,密码,昵称,年级,专业,邮箱,手机,余额,收货地址,状态) VALUES(219,'201610311224','123456','焦淑娜','大三','计算机','393064260@qq.com','15714525694','190','上海海事大学','正常');
INSERT INTO 用户表(UID,帐号,密码,昵称,年级,专业,邮箱,手机,余额,收货地址,状态) VALUES(220,'201610311225','123456','凡涛','大三','计算机','991469184@qq.com','12130521117','254','上海海事大学','正常');
INSERT INTO 用户表(UID,帐号,密码,昵称,年级,专业,邮箱,手机,余额,收货地址,状态) VALUES(221,'201610311226','123456','王博元','大三','计算机','940065228@qq.com','19352079725','267','上海海事大学','正常');
INSERT INTO 用户表(UID,帐号,密码,昵称,年级,专业,邮箱,手机,余额,收货地址,状态) VALUES(222,'201610311227','123456','郑','大三','计算机','733097851@qq.com','13192561364','305','上海海事大学','正常');
INSERT INTO 用户表(UID,帐号,密码,昵称,年级,专业,邮箱,手机,余额,收货地址,状态) VALUES(223,'201610311228','123456','董文一','大三','计算机','993949543@qq.com','12735602599','191','上海海事大学','正常');
INSERT INTO 用户表(UID,帐号,密码,昵称,年级,专业,邮箱,手机,余额,收货地址,状态) VALUES(224,'201610311229','123456','沈天宇','大三','计算机','110446479@qq.com','15481180284','427','上海海事大学','正常');
INSERT INTO 用户表(UID,帐号,密码,昵称,年级,专业,邮箱,手机,余额,收货地址,状态) VALUES(225,'201610311230','123456','田江','大三','计算机','831606570@qq.com','13289911264','336','上海海事大学','正常');
INSERT INTO 用户表(UID,帐号,密码,昵称,年级,专业,邮箱,手机,余额,收货地址,状态) VALUES(226,'201610311231','123456','周兴','大三','计算机','738479444@qq.com','18032526369','294','上海海事大学','正常');
INSERT INTO 用户表(UID,帐号,密码,昵称,年级,专业,邮箱,手机,余额,收货地址,状态) VALUES(227,'201610311232','123456','占锦明','大三','计算机','824797354@qq.com','18586082567','213','上海海事大学','正常');
INSERT INTO 用户表(UID,帐号,密码,昵称,年级,专业,邮箱,手机,余额,收货地址,状态) VALUES(228,'201610311233','123456','肖必森','大三','计算机','456281812@qq.com','14651458844','114','上海海事大学','正常');
INSERT INTO 用户表(UID,帐号,密码,昵称,年级,专业,邮箱,手机,余额,收货地址,状态) VALUES(229,'201610311234','123456','孙嘉珩','大三','计算机','300213505@qq.com','15998283477','264','上海海事大学','正常');
INSERT INTO 用户表(UID,帐号,密码,昵称,年级,专业,邮箱,手机,余额,收货地址,状态) VALUES(230,'201610311235','123456','杨景优','大三','计算机','976426244@qq.com','13863754212','204','上海海事大学','正常');
INSERT INTO 用户表(UID,帐号,密码,昵称,年级,专业,邮箱,手机,余额,收货地址,状态) VALUES(231,'201610311236','123456','侯少辉','大三','计算机','345806173@qq.com','18367533935','406','上海海事大学','正常');
INSERT INTO 用户表(UID,帐号,密码,昵称,年级,专业,邮箱,手机,余额,收货地址,状态) VALUES(232,'201610311237','123456','胡奇','大三','计算机','631240877@qq.com','14042182649','355','上海海事大学','正常');
INSERT INTO 用户表(UID,帐号,密码,昵称,年级,专业,邮箱,手机,余额,收货地址,状态) VALUES(233,'201610311238','123456','张萌','大三','计算机','927079221@qq.com','15480737932','146','上海海事大学','正常');
INSERT INTO 用户表(UID,帐号,密码,昵称,年级,专业,邮箱,手机,余额,收货地址,状态) VALUES(234,'201610311239','123456','王薪程','大三','计算机','727201632@qq.com','18281180526','115','上海海事大学','正常');
INSERT INTO 用户表(UID,帐号,密码,昵称,年级,专业,邮箱,手机,余额,收货地址,状态) VALUES(235,'201610311240','123456','谢文宁','大三','计算机','283390885@qq.com','14792016282','345','上海海事大学','正常');
INSERT INTO 用户表(UID,帐号,密码,昵称,年级,专业,邮箱,手机,余额,收货地址,状态) VALUES(236,'201610311241','123456','金恺文','大三','计算机','593244749@qq.com','16252669364','257','上海海事大学','正常');
INSERT INTO 用户表(UID,帐号,密码,昵称,年级,专业,邮箱,手机,余额,收货地址,状态) VALUES(237,'201610311242','123456','孙毅豪','大三','计算机','565037055@qq.com','19214346803','481','上海海事大学','正常');
INSERT INTO 用户表(UID,帐号,密码,昵称,年级,专业,邮箱,手机,余额,收货地址,状态) VALUES(238,'201610311243','123456','赖永君','大三','计算机','545495221@qq.com','13570272078','170','上海海事大学','正常');
INSERT INTO 用户表(UID,帐号,密码,昵称,年级,专业,邮箱,手机,余额,收货地址,状态) VALUES(239,'201610311244','123456','贺子祺','大三','计算机','622461579@qq.com','17986368811','115','上海海事大学','正常');
INSERT INTO 用户表(UID,帐号,密码,昵称,年级,专业,邮箱,手机,余额,收货地址,状态) VALUES(240,'201610311245','123456','毛小雪','大三','计算机','355716116@qq.com','17297305792','298','上海海事大学','正常');
INSERT INTO 用户表(UID,帐号,密码,昵称,年级,专业,邮箱,手机,余额,收货地址,状态) VALUES(241,'201610311246','123456','贺雪','大三','计算机','642258036@qq.com','13360931014','274','上海海事大学','正常');
INSERT INTO 用户表(UID,帐号,密码,昵称,年级,专业,邮箱,手机,余额,收货地址,状态) VALUES(242,'201610311247','123456','张晨','大三','计算机','244464592@qq.com','16338482755','101','上海海事大学','正常');
INSERT INTO 用户表(UID,帐号,密码,昵称,年级,专业,邮箱,手机,余额,收货地址,状态) VALUES(243,'201610311248','123456','戴亦B','大三','计算机','115659593@qq.com','19853761870','194','上海海事大学','正常');
INSERT INTO 用户表(UID,帐号,密码,昵称,年级,专业,邮箱,手机,余额,收货地址,状态) VALUES(244,'201610311249','123456','王彦淇','大三','计算机','318170712@qq.com','13988667641','218','上海海事大学','正常');
INSERT INTO 用户表(UID,帐号,密码,昵称,年级,专业,邮箱,手机,余额,收货地址,状态) VALUES(245,'201610311250','123456','王珊珊','大三','计算机','731529130@qq.com','17495770989','139','上海海事大学','黑名单');
INSERT INTO 用户表(UID,帐号,密码,昵称,年级,专业,邮箱,手机,余额,收货地址,状态) VALUES(246,'201610311251','123456','徐凌霄','大三','计算机','515889330@qq.com','16654755687','153','上海海事大学','正常');
INSERT INTO 用户表(UID,帐号,密码,昵称,年级,专业,邮箱,手机,余额,收货地址,状态) VALUES(247,'201610311252','123456','李佳音','大三','计算机','628799258@qq.com','18630295641','291','上海海事大学','正常');
INSERT INTO 用户表(UID,帐号,密码,昵称,年级,专业,邮箱,手机,余额,收货地址,状态) VALUES(248,'201610311253','123456','奚好晨','大三','计算机','200238142@qq.com','14456940109','475','上海海事大学','正常');
INSERT INTO 用户表(UID,帐号,密码,昵称,年级,专业,邮箱,手机,余额,收货地址,状态) VALUES(249,'201610311254','123456','王怡清','大三','计算机','623000068@qq.com','18193364656','448','上海海事大学','正常');
INSERT INTO 用户表(UID,帐号,密码,昵称,年级,专业,邮箱,手机,余额,收货地址,状态) VALUES(250,'201610311255','123456','赵昊哲','大三','计算机','856856013@qq.com','16918587695','467','上海海事大学','正常');
INSERT INTO 用户表(UID,帐号,密码,昵称,年级,专业,邮箱,手机,余额,收货地址,状态) VALUES(251,'201610311256','123456','叶逸铭','大三','计算机','402735843@qq.com','18993124436','243','上海海事大学','正常');
INSERT INTO 用户表(UID,帐号,密码,昵称,年级,专业,邮箱,手机,余额,收货地址,状态) VALUES(252,'201610311257','123456','何杰超','大三','计算机','155305597@qq.com','19977021399','297','上海海事大学','正常');
INSERT INTO 用户表(UID,帐号,密码,昵称,年级,专业,邮箱,手机,余额,收货地址,状态) VALUES(253,'201610311258','123456','杨金锁','大三','计算机','959516190@qq.com','13059439245','279','上海海事大学','正常');
INSERT INTO 用户表(UID,帐号,密码,昵称,年级,专业,邮箱,手机,余额,收货地址,状态) VALUES(254,'201610311259','123456','张全有','大三','计算机','784774889@qq.com','11721183965','392','上海海事大学','正常');
INSERT INTO 用户表(UID,帐号,密码,昵称,年级,专业,邮箱,手机,余额,收货地址,状态) VALUES(255,'201610311260','123456','刘莉莉','大三','计算机','142133159@qq.com','18655680038','494','上海海事大学','正常');
INSERT INTO 用户表(UID,帐号,密码,昵称,年级,专业,邮箱,手机,余额,收货地址,状态) VALUES(256,'201610311261','123456','陆皓闻','大三','计算机','411540675@qq.com','18980844732','173','上海海事大学','正常');
INSERT INTO 用户表(UID,帐号,密码,昵称,年级,专业,邮箱,手机,余额,收货地址,状态) VALUES(257,'201610311262','123456','安琦','大三','计算机','665913730@qq.com','12016885808','454','上海海事大学','正常');
INSERT INTO 用户表(UID,帐号,密码,昵称,年级,专业,邮箱,手机,余额,收货地址,状态) VALUES(258,'201610311263','123456','张泽凌','大三','计算机','649937457@qq.com','14990470467','446','上海海事大学','正常');
INSERT INTO 用户表(UID,帐号,密码,昵称,年级,专业,邮箱,手机,余额,收货地址,状态) VALUES(259,'201610311264','123456','梁仕豪','大三','计算机','635497289@qq.com','18420253242','493','上海海事大学','正常');
INSERT INTO 用户表(UID,帐号,密码,昵称,年级,专业,邮箱,手机,余额,收货地址,状态) VALUES(260,'201610311265','123456','陈波','大三','计算机','601590821@qq.com','11869214679','313','上海海事大学','正常');

--货品表测试数据
INSERT INTO 货品表(货物编号,ISBN,卖家UID,价格,数量,已订数量) VALUES(1,9787040212778,103,18,1,0);
INSERT INTO 货品表(货物编号,ISBN,卖家UID,价格,数量,已订数量) VALUES(2,9787563233977,103,20,3,0);
INSERT INTO 货品表(货物编号,ISBN,卖家UID,价格,数量,已订数量) VALUES(3,9787040212778,72,17,2,0);
INSERT INTO 货品表(货物编号,ISBN,卖家UID,价格,数量,已订数量) VALUES(4,9787040212778,66,23,3,0);
INSERT INTO 货品表(货物编号,ISBN,卖家UID,价格,数量,已订数量) VALUES(5,9787563233915,146,24,1,0);
INSERT INTO 货品表(货物编号,ISBN,卖家UID,价格,数量,已订数量) VALUES(6,9787040212778,44,23,2,0);
INSERT INTO 货品表(货物编号,ISBN,卖家UID,价格,数量,已订数量) VALUES(7,9787040495034,120,22,2,0);
INSERT INTO 货品表(货物编号,ISBN,卖家UID,价格,数量,已订数量) VALUES(8,9787040212778,214,22,1,0);
INSERT INTO 货品表(货物编号,ISBN,卖家UID,价格,数量,已订数量) VALUES(9,9787563233984,41,15,2,0);
INSERT INTO 货品表(货物编号,ISBN,卖家UID,价格,数量,已订数量) VALUES(10,9787040205497,67,24,1,0);
INSERT INTO 货品表(货物编号,ISBN,卖家UID,价格,数量,已订数量) VALUES(11,9787563233977,227,20,1,0);
INSERT INTO 货品表(货物编号,ISBN,卖家UID,价格,数量,已订数量) VALUES(12,9787040494815,62,20,2,2);
INSERT INTO 货品表(货物编号,ISBN,卖家UID,价格,数量,已订数量) VALUES(13,9787563233984,65,19,3,3);
INSERT INTO 货品表(货物编号,ISBN,卖家UID,价格,数量,已订数量) VALUES(14,9787040495034,242,15,2,0);
INSERT INTO 货品表(货物编号,ISBN,卖家UID,价格,数量,已订数量) VALUES(15,9787563233915,45,22,2,0);
INSERT INTO 货品表(货物编号,ISBN,卖家UID,价格,数量,已订数量) VALUES(16,9787040212778,90,24,3,0);
INSERT INTO 货品表(货物编号,ISBN,卖家UID,价格,数量,已订数量) VALUES(17,9787563233915,50,20,2,0);
INSERT INTO 货品表(货物编号,ISBN,卖家UID,价格,数量,已订数量) VALUES(18,9787040205497,83,19,1,0);
INSERT INTO 货品表(货物编号,ISBN,卖家UID,价格,数量,已订数量) VALUES(19,9787563233984,46,15,2,0);
INSERT INTO 货品表(货物编号,ISBN,卖家UID,价格,数量,已订数量) VALUES(20,9787040205497,100,21,2,0);
INSERT INTO 货品表(货物编号,ISBN,卖家UID,价格,数量,已订数量) VALUES(21,9787040494792,68,21,2,0);
INSERT INTO 货品表(货物编号,ISBN,卖家UID,价格,数量,已订数量) VALUES(22,9787040494792,12,24,1,0);
INSERT INTO 货品表(货物编号,ISBN,卖家UID,价格,数量,已订数量) VALUES(23,9787563233984,157,18,2,0);
INSERT INTO 货品表(货物编号,ISBN,卖家UID,价格,数量,已订数量) VALUES(24,9787040494815,201,17,1,0);
INSERT INTO 货品表(货物编号,ISBN,卖家UID,价格,数量,已订数量) VALUES(25,9787040495034,197,16,1,0);
INSERT INTO 货品表(货物编号,ISBN,卖家UID,价格,数量,已订数量) VALUES(26,9787563233915,98,17,3,0);
INSERT INTO 货品表(货物编号,ISBN,卖家UID,价格,数量,已订数量) VALUES(27,9787040212778,37,22,1,0);
INSERT INTO 货品表(货物编号,ISBN,卖家UID,价格,数量,已订数量) VALUES(28,9787563233984,51,16,1,0);
INSERT INTO 货品表(货物编号,ISBN,卖家UID,价格,数量,已订数量) VALUES(29,9787040494792,171,18,1,0);
INSERT INTO 货品表(货物编号,ISBN,卖家UID,价格,数量,已订数量) VALUES(30,9787040494792,129,24,2,0);
INSERT INTO 货品表(货物编号,ISBN,卖家UID,价格,数量,已订数量) VALUES(31,9787040495034,166,15,3,0);
INSERT INTO 货品表(货物编号,ISBN,卖家UID,价格,数量,已订数量) VALUES(32,9787040212778,53,21,1,0);
INSERT INTO 货品表(货物编号,ISBN,卖家UID,价格,数量,已订数量) VALUES(33,9787563233915,63,23,1,0);
INSERT INTO 货品表(货物编号,ISBN,卖家UID,价格,数量,已订数量) VALUES(34,9787040212778,203,16,2,0);
INSERT INTO 货品表(货物编号,ISBN,卖家UID,价格,数量,已订数量) VALUES(35,9787563233984,96,25,2,2);
INSERT INTO 货品表(货物编号,ISBN,卖家UID,价格,数量,已订数量) VALUES(36,9787563233915,95,15,3,0);
INSERT INTO 货品表(货物编号,ISBN,卖家UID,价格,数量,已订数量) VALUES(37,9787040494815,162,18,3,0);
INSERT INTO 货品表(货物编号,ISBN,卖家UID,价格,数量,已订数量) VALUES(38,9787563233915,122,20,1,0);
INSERT INTO 货品表(货物编号,ISBN,卖家UID,价格,数量,已订数量) VALUES(39,9787563233915,255,24,1,0);
INSERT INTO 货品表(货物编号,ISBN,卖家UID,价格,数量,已订数量) VALUES(40,9787040494792,92,19,1,0);
INSERT INTO 货品表(货物编号,ISBN,卖家UID,价格,数量,已订数量) VALUES(41,9787040205497,227,15,1,0);
INSERT INTO 货品表(货物编号,ISBN,卖家UID,价格,数量,已订数量) VALUES(42,9787040205497,82,17,2,0);
INSERT INTO 货品表(货物编号,ISBN,卖家UID,价格,数量,已订数量) VALUES(43,9787040212778,106,18,1,0);
INSERT INTO 货品表(货物编号,ISBN,卖家UID,价格,数量,已订数量) VALUES(44,9787563233915,245,24,1,0);
INSERT INTO 货品表(货物编号,ISBN,卖家UID,价格,数量,已订数量) VALUES(45,9787040495034,131,17,2,0);
INSERT INTO 货品表(货物编号,ISBN,卖家UID,价格,数量,已订数量) VALUES(46,9787040205497,58,20,1,0);
INSERT INTO 货品表(货物编号,ISBN,卖家UID,价格,数量,已订数量) VALUES(47,9787040205497,103,21,3,2);
INSERT INTO 货品表(货物编号,ISBN,卖家UID,价格,数量,已订数量) VALUES(48,9787563233915,91,25,3,0);
INSERT INTO 货品表(货物编号,ISBN,卖家UID,价格,数量,已订数量) VALUES(49,9787040495034,21,19,3,0);
INSERT INTO 货品表(货物编号,ISBN,卖家UID,价格,数量,已订数量) VALUES(50,9787040495034,94,24,3,0);
INSERT INTO 货品表(货物编号,ISBN,卖家UID,价格,数量,已订数量) VALUES(51,9787563233977,63,17,2,0);
INSERT INTO 货品表(货物编号,ISBN,卖家UID,价格,数量,已订数量) VALUES(52,9787563233977,204,22,1,0);
INSERT INTO 货品表(货物编号,ISBN,卖家UID,价格,数量,已订数量) VALUES(53,9787040205497,189,17,2,0);
INSERT INTO 货品表(货物编号,ISBN,卖家UID,价格,数量,已订数量) VALUES(54,9787040494792,183,20,3,0);
INSERT INTO 货品表(货物编号,ISBN,卖家UID,价格,数量,已订数量) VALUES(55,9787040205497,25,16,2,0);
INSERT INTO 货品表(货物编号,ISBN,卖家UID,价格,数量,已订数量) VALUES(56,9787563233984,216,15,2,0);
INSERT INTO 货品表(货物编号,ISBN,卖家UID,价格,数量,已订数量) VALUES(57,9787040494815,200,16,1,0);
INSERT INTO 货品表(货物编号,ISBN,卖家UID,价格,数量,已订数量) VALUES(58,9787040494792,8,25,3,0);
INSERT INTO 货品表(货物编号,ISBN,卖家UID,价格,数量,已订数量) VALUES(59,9787040494815,48,21,2,1);
INSERT INTO 货品表(货物编号,ISBN,卖家UID,价格,数量,已订数量) VALUES(60,9787563233915,52,19,2,0);
INSERT INTO 货品表(货物编号,ISBN,卖家UID,价格,数量,已订数量) VALUES(61,9787040212778,100,18,1,0);
INSERT INTO 货品表(货物编号,ISBN,卖家UID,价格,数量,已订数量) VALUES(62,9787563233977,95,22,1,1);
INSERT INTO 货品表(货物编号,ISBN,卖家UID,价格,数量,已订数量) VALUES(63,9787040494815,220,18,3,0);
INSERT INTO 货品表(货物编号,ISBN,卖家UID,价格,数量,已订数量) VALUES(64,9787040205497,106,16,3,0);
INSERT INTO 货品表(货物编号,ISBN,卖家UID,价格,数量,已订数量) VALUES(65,9787040205497,91,25,2,0);
INSERT INTO 货品表(货物编号,ISBN,卖家UID,价格,数量,已订数量) VALUES(66,9787040494792,103,23,2,1);
INSERT INTO 货品表(货物编号,ISBN,卖家UID,价格,数量,已订数量) VALUES(67,9787563233977,240,19,2,0);
INSERT INTO 货品表(货物编号,ISBN,卖家UID,价格,数量,已订数量) VALUES(68,9787040494815,33,23,2,2);
INSERT INTO 货品表(货物编号,ISBN,卖家UID,价格,数量,已订数量) VALUES(69,9787040494815,109,24,2,0);
INSERT INTO 货品表(货物编号,ISBN,卖家UID,价格,数量,已订数量) VALUES(70,9787040494815,131,21,2,0);
INSERT INTO 货品表(货物编号,ISBN,卖家UID,价格,数量,已订数量) VALUES(71,9787040205497,49,23,1,1);
INSERT INTO 货品表(货物编号,ISBN,卖家UID,价格,数量,已订数量) VALUES(72,9787563233984,103,25,3,0);
INSERT INTO 货品表(货物编号,ISBN,卖家UID,价格,数量,已订数量) VALUES(73,9787040495034,133,21,1,0);
INSERT INTO 货品表(货物编号,ISBN,卖家UID,价格,数量,已订数量) VALUES(74,9787040495034,191,23,1,0);
INSERT INTO 货品表(货物编号,ISBN,卖家UID,价格,数量,已订数量) VALUES(75,9787563233977,103,23,3,2);
INSERT INTO 货品表(货物编号,ISBN,卖家UID,价格,数量,已订数量) VALUES(76,9787040494792,80,22,2,2);
INSERT INTO 货品表(货物编号,ISBN,卖家UID,价格,数量,已订数量) VALUES(77,9787040494792,62,18,2,0);
INSERT INTO 货品表(货物编号,ISBN,卖家UID,价格,数量,已订数量) VALUES(78,9787040205497,54,25,1,0);
INSERT INTO 货品表(货物编号,ISBN,卖家UID,价格,数量,已订数量) VALUES(79,9787563233915,156,21,1,0);
INSERT INTO 货品表(货物编号,ISBN,卖家UID,价格,数量,已订数量) VALUES(80,9787040205497,6,21,2,0);
INSERT INTO 货品表(货物编号,ISBN,卖家UID,价格,数量,已订数量) VALUES(81,9787040494792,103,23,3,2);
INSERT INTO 货品表(货物编号,ISBN,卖家UID,价格,数量,已订数量) VALUES(82,9787040495034,194,25,2,0);
INSERT INTO 货品表(货物编号,ISBN,卖家UID,价格,数量,已订数量) VALUES(83,9787563233977,83,21,2,0);
INSERT INTO 货品表(货物编号,ISBN,卖家UID,价格,数量,已订数量) VALUES(84,9787040495034,176,15,1,0);
INSERT INTO 货品表(货物编号,ISBN,卖家UID,价格,数量,已订数量) VALUES(85,9787563233915,61,25,3,0);
INSERT INTO 货品表(货物编号,ISBN,卖家UID,价格,数量,已订数量) VALUES(86,9787040494792,14,17,2,0);
INSERT INTO 货品表(货物编号,ISBN,卖家UID,价格,数量,已订数量) VALUES(87,9787040494815,103,25,1,1);
INSERT INTO 货品表(货物编号,ISBN,卖家UID,价格,数量,已订数量) VALUES(88,9787563233984,17,20,3,0);
INSERT INTO 货品表(货物编号,ISBN,卖家UID,价格,数量,已订数量) VALUES(89,9787563233915,225,18,3,0);
INSERT INTO 货品表(货物编号,ISBN,卖家UID,价格,数量,已订数量) VALUES(90,9787040494815,166,19,3,0);
INSERT INTO 货品表(货物编号,ISBN,卖家UID,价格,数量,已订数量) VALUES(91,9787040494792,103,23,2,1);
INSERT INTO 货品表(货物编号,ISBN,卖家UID,价格,数量,已订数量) VALUES(92,9787563233984,151,16,2,0);
INSERT INTO 货品表(货物编号,ISBN,卖家UID,价格,数量,已订数量) VALUES(93,9787040494792,243,15,3,0);
INSERT INTO 货品表(货物编号,ISBN,卖家UID,价格,数量,已订数量) VALUES(94,9787040494815,235,21,2,0);
INSERT INTO 货品表(货物编号,ISBN,卖家UID,价格,数量,已订数量) VALUES(95,9787040212778,115,24,1,0);
INSERT INTO 货品表(货物编号,ISBN,卖家UID,价格,数量,已订数量) VALUES(96,9787563233984,13,18,1,0);
INSERT INTO 货品表(货物编号,ISBN,卖家UID,价格,数量,已订数量) VALUES(97,9787040494815,139,19,3,0);
INSERT INTO 货品表(货物编号,ISBN,卖家UID,价格,数量,已订数量) VALUES(98,9787040205497,9,22,2,0);
INSERT INTO 货品表(货物编号,ISBN,卖家UID,价格,数量,已订数量) VALUES(99,9787563233915,131,17,1,0);
INSERT INTO 货品表(货物编号,ISBN,卖家UID,价格,数量,已订数量) VALUES(100,9787563233915,94,16,3,0);

--购物车表测试数据
INSERT INTO 购物车表(货物编号,UID,数量,有效) VALUES(1,188,1,1);
INSERT INTO 购物车表(货物编号,UID,数量,有效) VALUES(1,203,1,1);
INSERT INTO 购物车表(货物编号,UID,数量,有效) VALUES(1,58,1,1);
INSERT INTO 购物车表(货物编号,UID,数量,有效) VALUES(2,57,2,1);
INSERT INTO 购物车表(货物编号,UID,数量,有效) VALUES(2,166,3,1);
INSERT INTO 购物车表(货物编号,UID,数量,有效) VALUES(2,30,1,1);
INSERT INTO 购物车表(货物编号,UID,数量,有效) VALUES(3,147,2,1);
INSERT INTO 购物车表(货物编号,UID,数量,有效) VALUES(3,74,2,1);
INSERT INTO 购物车表(货物编号,UID,数量,有效) VALUES(3,228,2,1);
INSERT INTO 购物车表(货物编号,UID,数量,有效) VALUES(4,128,3,1);
INSERT INTO 购物车表(货物编号,UID,数量,有效) VALUES(4,207,3,1);
INSERT INTO 购物车表(货物编号,UID,数量,有效) VALUES(4,260,1,1);
INSERT INTO 购物车表(货物编号,UID,数量,有效) VALUES(5,86,1,1);
INSERT INTO 购物车表(货物编号,UID,数量,有效) VALUES(5,138,1,1);
INSERT INTO 购物车表(货物编号,UID,数量,有效) VALUES(5,168,1,1);
INSERT INTO 购物车表(货物编号,UID,数量,有效) VALUES(6,119,1,1);
INSERT INTO 购物车表(货物编号,UID,数量,有效) VALUES(6,187,2,1);
INSERT INTO 购物车表(货物编号,UID,数量,有效) VALUES(6,112,1,1);
INSERT INTO 购物车表(货物编号,UID,数量,有效) VALUES(7,123,1,1);
INSERT INTO 购物车表(货物编号,UID,数量,有效) VALUES(7,92,2,1);
INSERT INTO 购物车表(货物编号,UID,数量,有效) VALUES(7,175,2,1);
INSERT INTO 购物车表(货物编号,UID,数量,有效) VALUES(8,36,1,1);
INSERT INTO 购物车表(货物编号,UID,数量,有效) VALUES(8,66,1,1);
INSERT INTO 购物车表(货物编号,UID,数量,有效) VALUES(8,60,1,1);
INSERT INTO 购物车表(货物编号,UID,数量,有效) VALUES(9,224,2,1);
INSERT INTO 购物车表(货物编号,UID,数量,有效) VALUES(9,59,2,1);
INSERT INTO 购物车表(货物编号,UID,数量,有效) VALUES(9,243,1,1);
INSERT INTO 购物车表(货物编号,UID,数量,有效) VALUES(10,21,1,1);
INSERT INTO 购物车表(货物编号,UID,数量,有效) VALUES(10,165,1,1);
INSERT INTO 购物车表(货物编号,UID,数量,有效) VALUES(10,43,1,1);
INSERT INTO 购物车表(货物编号,UID,数量,有效) VALUES(11,96,1,1);
INSERT INTO 购物车表(货物编号,UID,数量,有效) VALUES(11,162,1,1);
INSERT INTO 购物车表(货物编号,UID,数量,有效) VALUES(11,212,1,1);
INSERT INTO 购物车表(货物编号,UID,数量,有效) VALUES(14,124,2,1);
INSERT INTO 购物车表(货物编号,UID,数量,有效) VALUES(14,202,1,1);
INSERT INTO 购物车表(货物编号,UID,数量,有效) VALUES(14,238,1,1);
INSERT INTO 购物车表(货物编号,UID,数量,有效) VALUES(15,59,1,1);
INSERT INTO 购物车表(货物编号,UID,数量,有效) VALUES(15,145,2,1);
INSERT INTO 购物车表(货物编号,UID,数量,有效) VALUES(15,236,1,1);
INSERT INTO 购物车表(货物编号,UID,数量,有效) VALUES(16,92,3,1);
INSERT INTO 购物车表(货物编号,UID,数量,有效) VALUES(16,56,2,1);
INSERT INTO 购物车表(货物编号,UID,数量,有效) VALUES(16,161,3,1);
INSERT INTO 购物车表(货物编号,UID,数量,有效) VALUES(17,70,2,1);
INSERT INTO 购物车表(货物编号,UID,数量,有效) VALUES(17,82,2,1);
INSERT INTO 购物车表(货物编号,UID,数量,有效) VALUES(17,202,2,1);
INSERT INTO 购物车表(货物编号,UID,数量,有效) VALUES(18,220,1,1);
INSERT INTO 购物车表(货物编号,UID,数量,有效) VALUES(18,233,1,1);
INSERT INTO 购物车表(货物编号,UID,数量,有效) VALUES(18,58,1,1);
INSERT INTO 购物车表(货物编号,UID,数量,有效) VALUES(19,166,2,1);
INSERT INTO 购物车表(货物编号,UID,数量,有效) VALUES(19,5,2,1);
INSERT INTO 购物车表(货物编号,UID,数量,有效) VALUES(19,100,1,1);
INSERT INTO 购物车表(货物编号,UID,数量,有效) VALUES(20,65,2,1);
INSERT INTO 购物车表(货物编号,UID,数量,有效) VALUES(20,169,2,1);
INSERT INTO 购物车表(货物编号,UID,数量,有效) VALUES(20,64,2,1);
INSERT INTO 购物车表(货物编号,UID,数量,有效) VALUES(21,112,2,1);
INSERT INTO 购物车表(货物编号,UID,数量,有效) VALUES(21,95,1,1);
INSERT INTO 购物车表(货物编号,UID,数量,有效) VALUES(21,109,2,1);
INSERT INTO 购物车表(货物编号,UID,数量,有效) VALUES(22,73,1,1);
INSERT INTO 购物车表(货物编号,UID,数量,有效) VALUES(22,258,1,1);
INSERT INTO 购物车表(货物编号,UID,数量,有效) VALUES(22,20,1,1);
INSERT INTO 购物车表(货物编号,UID,数量,有效) VALUES(23,234,2,1);
INSERT INTO 购物车表(货物编号,UID,数量,有效) VALUES(23,22,1,1);
INSERT INTO 购物车表(货物编号,UID,数量,有效) VALUES(23,171,2,1);
INSERT INTO 购物车表(货物编号,UID,数量,有效) VALUES(24,50,1,1);
INSERT INTO 购物车表(货物编号,UID,数量,有效) VALUES(24,203,1,1);
INSERT INTO 购物车表(货物编号,UID,数量,有效) VALUES(24,223,1,1);
INSERT INTO 购物车表(货物编号,UID,数量,有效) VALUES(25,98,1,1);
INSERT INTO 购物车表(货物编号,UID,数量,有效) VALUES(25,254,1,1);
INSERT INTO 购物车表(货物编号,UID,数量,有效) VALUES(25,224,1,1);
INSERT INTO 购物车表(货物编号,UID,数量,有效) VALUES(26,129,2,1);
INSERT INTO 购物车表(货物编号,UID,数量,有效) VALUES(26,258,1,1);
INSERT INTO 购物车表(货物编号,UID,数量,有效) VALUES(26,96,2,1);
INSERT INTO 购物车表(货物编号,UID,数量,有效) VALUES(27,23,1,1);
INSERT INTO 购物车表(货物编号,UID,数量,有效) VALUES(27,232,1,1);
INSERT INTO 购物车表(货物编号,UID,数量,有效) VALUES(27,215,1,1);
INSERT INTO 购物车表(货物编号,UID,数量,有效) VALUES(28,235,1,1);
INSERT INTO 购物车表(货物编号,UID,数量,有效) VALUES(28,51,1,1);
INSERT INTO 购物车表(货物编号,UID,数量,有效) VALUES(28,123,1,1);
INSERT INTO 购物车表(货物编号,UID,数量,有效) VALUES(29,249,1,1);
INSERT INTO 购物车表(货物编号,UID,数量,有效) VALUES(29,114,1,1);
INSERT INTO 购物车表(货物编号,UID,数量,有效) VALUES(29,43,1,1);
INSERT INTO 购物车表(货物编号,UID,数量,有效) VALUES(30,212,1,1);
INSERT INTO 购物车表(货物编号,UID,数量,有效) VALUES(30,18,2,1);
INSERT INTO 购物车表(货物编号,UID,数量,有效) VALUES(30,81,1,1);
INSERT INTO 购物车表(货物编号,UID,数量,有效) VALUES(31,252,1,1);
INSERT INTO 购物车表(货物编号,UID,数量,有效) VALUES(31,123,3,1);
INSERT INTO 购物车表(货物编号,UID,数量,有效) VALUES(31,209,2,1);
INSERT INTO 购物车表(货物编号,UID,数量,有效) VALUES(32,191,1,1);
INSERT INTO 购物车表(货物编号,UID,数量,有效) VALUES(32,175,1,1);
INSERT INTO 购物车表(货物编号,UID,数量,有效) VALUES(32,189,1,1);
INSERT INTO 购物车表(货物编号,UID,数量,有效) VALUES(33,26,1,1);
INSERT INTO 购物车表(货物编号,UID,数量,有效) VALUES(33,203,1,1);
INSERT INTO 购物车表(货物编号,UID,数量,有效) VALUES(33,243,1,1);
INSERT INTO 购物车表(货物编号,UID,数量,有效) VALUES(34,111,2,1);
INSERT INTO 购物车表(货物编号,UID,数量,有效) VALUES(34,79,1,1);
INSERT INTO 购物车表(货物编号,UID,数量,有效) VALUES(34,190,1,1);
INSERT INTO 购物车表(货物编号,UID,数量,有效) VALUES(36,109,1,1);
INSERT INTO 购物车表(货物编号,UID,数量,有效) VALUES(36,254,1,1);
INSERT INTO 购物车表(货物编号,UID,数量,有效) VALUES(36,101,2,1);
INSERT INTO 购物车表(货物编号,UID,数量,有效) VALUES(37,207,3,1);
INSERT INTO 购物车表(货物编号,UID,数量,有效) VALUES(37,218,2,1);
INSERT INTO 购物车表(货物编号,UID,数量,有效) VALUES(37,96,2,1);
INSERT INTO 购物车表(货物编号,UID,数量,有效) VALUES(38,108,1,1);
INSERT INTO 购物车表(货物编号,UID,数量,有效) VALUES(38,85,1,1);
INSERT INTO 购物车表(货物编号,UID,数量,有效) VALUES(38,54,1,1);
INSERT INTO 购物车表(货物编号,UID,数量,有效) VALUES(39,101,1,1);
INSERT INTO 购物车表(货物编号,UID,数量,有效) VALUES(39,21,1,1);
INSERT INTO 购物车表(货物编号,UID,数量,有效) VALUES(39,93,1,1);
INSERT INTO 购物车表(货物编号,UID,数量,有效) VALUES(40,117,1,1);
INSERT INTO 购物车表(货物编号,UID,数量,有效) VALUES(40,157,1,1);
INSERT INTO 购物车表(货物编号,UID,数量,有效) VALUES(40,219,1,1);
INSERT INTO 购物车表(货物编号,UID,数量,有效) VALUES(41,174,1,1);
INSERT INTO 购物车表(货物编号,UID,数量,有效) VALUES(41,246,1,1);
INSERT INTO 购物车表(货物编号,UID,数量,有效) VALUES(41,230,1,1);
INSERT INTO 购物车表(货物编号,UID,数量,有效) VALUES(42,75,2,1);
INSERT INTO 购物车表(货物编号,UID,数量,有效) VALUES(42,161,1,1);
INSERT INTO 购物车表(货物编号,UID,数量,有效) VALUES(42,219,2,1);
INSERT INTO 购物车表(货物编号,UID,数量,有效) VALUES(43,131,1,1);
INSERT INTO 购物车表(货物编号,UID,数量,有效) VALUES(43,135,1,1);
INSERT INTO 购物车表(货物编号,UID,数量,有效) VALUES(43,57,1,1);
INSERT INTO 购物车表(货物编号,UID,数量,有效) VALUES(44,158,1,1);
INSERT INTO 购物车表(货物编号,UID,数量,有效) VALUES(44,3,1,1);
INSERT INTO 购物车表(货物编号,UID,数量,有效) VALUES(44,259,1,1);
INSERT INTO 购物车表(货物编号,UID,数量,有效) VALUES(45,19,1,1);
INSERT INTO 购物车表(货物编号,UID,数量,有效) VALUES(45,123,2,1);
INSERT INTO 购物车表(货物编号,UID,数量,有效) VALUES(45,120,2,1);
INSERT INTO 购物车表(货物编号,UID,数量,有效) VALUES(46,250,1,1);
INSERT INTO 购物车表(货物编号,UID,数量,有效) VALUES(46,125,1,1);
INSERT INTO 购物车表(货物编号,UID,数量,有效) VALUES(46,34,1,1);
INSERT INTO 购物车表(货物编号,UID,数量,有效) VALUES(47,142,1,1);
INSERT INTO 购物车表(货物编号,UID,数量,有效) VALUES(47,219,1,1);
INSERT INTO 购物车表(货物编号,UID,数量,有效) VALUES(47,34,1,1);
INSERT INTO 购物车表(货物编号,UID,数量,有效) VALUES(48,177,1,1);
INSERT INTO 购物车表(货物编号,UID,数量,有效) VALUES(48,245,1,1);
INSERT INTO 购物车表(货物编号,UID,数量,有效) VALUES(48,92,3,1);
INSERT INTO 购物车表(货物编号,UID,数量,有效) VALUES(49,89,1,1);
INSERT INTO 购物车表(货物编号,UID,数量,有效) VALUES(49,32,3,1);
INSERT INTO 购物车表(货物编号,UID,数量,有效) VALUES(49,85,2,1);
INSERT INTO 购物车表(货物编号,UID,数量,有效) VALUES(50,4,3,1);
INSERT INTO 购物车表(货物编号,UID,数量,有效) VALUES(50,129,2,1);
INSERT INTO 购物车表(货物编号,UID,数量,有效) VALUES(50,165,1,1);
INSERT INTO 购物车表(货物编号,UID,数量,有效) VALUES(51,127,2,1);
INSERT INTO 购物车表(货物编号,UID,数量,有效) VALUES(51,139,1,1);
INSERT INTO 购物车表(货物编号,UID,数量,有效) VALUES(51,72,2,1);
INSERT INTO 购物车表(货物编号,UID,数量,有效) VALUES(52,153,1,1);
INSERT INTO 购物车表(货物编号,UID,数量,有效) VALUES(52,56,1,1);
INSERT INTO 购物车表(货物编号,UID,数量,有效) VALUES(52,204,1,1);
INSERT INTO 购物车表(货物编号,UID,数量,有效) VALUES(53,87,1,1);
INSERT INTO 购物车表(货物编号,UID,数量,有效) VALUES(53,112,1,1);
INSERT INTO 购物车表(货物编号,UID,数量,有效) VALUES(53,137,1,1);
INSERT INTO 购物车表(货物编号,UID,数量,有效) VALUES(54,80,2,1);
INSERT INTO 购物车表(货物编号,UID,数量,有效) VALUES(54,135,2,5);
INSERT INTO 购物车表(货物编号,UID,数量,有效) VALUES(54,103,2,1);
INSERT INTO 购物车表(货物编号,UID,数量,有效) VALUES(55,155,1,1);
INSERT INTO 购物车表(货物编号,UID,数量,有效) VALUES(55,77,2,1);
INSERT INTO 购物车表(货物编号,UID,数量,有效) VALUES(55,44,2,1);
INSERT INTO 购物车表(货物编号,UID,数量,有效) VALUES(56,97,2,1);
INSERT INTO 购物车表(货物编号,UID,数量,有效) VALUES(56,173,2,1);
INSERT INTO 购物车表(货物编号,UID,数量,有效) VALUES(56,178,1,1);
INSERT INTO 购物车表(货物编号,UID,数量,有效) VALUES(57,63,1,1);
INSERT INTO 购物车表(货物编号,UID,数量,有效) VALUES(57,112,1,1);
INSERT INTO 购物车表(货物编号,UID,数量,有效) VALUES(57,210,1,1);
INSERT INTO 购物车表(货物编号,UID,数量,有效) VALUES(58,71,1,1);
INSERT INTO 购物车表(货物编号,UID,数量,有效) VALUES(58,188,3,1);
INSERT INTO 购物车表(货物编号,UID,数量,有效) VALUES(58,20,3,1);
INSERT INTO 购物车表(货物编号,UID,数量,有效) VALUES(59,220,1,1);
INSERT INTO 购物车表(货物编号,UID,数量,有效) VALUES(59,236,1,1);
INSERT INTO 购物车表(货物编号,UID,数量,有效) VALUES(59,244,1,1);
INSERT INTO 购物车表(货物编号,UID,数量,有效) VALUES(60,257,1,1);
INSERT INTO 购物车表(货物编号,UID,数量,有效) VALUES(60,256,1,1);
INSERT INTO 购物车表(货物编号,UID,数量,有效) VALUES(60,66,2,1);
INSERT INTO 购物车表(货物编号,UID,数量,有效) VALUES(61,224,1,1);
INSERT INTO 购物车表(货物编号,UID,数量,有效) VALUES(61,40,1,1);
INSERT INTO 购物车表(货物编号,UID,数量,有效) VALUES(61,226,1,1);
INSERT INTO 购物车表(货物编号,UID,数量,有效) VALUES(63,25,2,1);
INSERT INTO 购物车表(货物编号,UID,数量,有效) VALUES(63,157,1,1);
INSERT INTO 购物车表(货物编号,UID,数量,有效) VALUES(63,134,2,1);
INSERT INTO 购物车表(货物编号,UID,数量,有效) VALUES(64,152,1,1);
INSERT INTO 购物车表(货物编号,UID,数量,有效) VALUES(64,174,3,1);
INSERT INTO 购物车表(货物编号,UID,数量,有效) VALUES(64,151,3,1);
INSERT INTO 购物车表(货物编号,UID,数量,有效) VALUES(65,173,1,1);
INSERT INTO 购物车表(货物编号,UID,数量,有效) VALUES(65,243,1,1);
INSERT INTO 购物车表(货物编号,UID,数量,有效) VALUES(65,54,2,1);
INSERT INTO 购物车表(货物编号,UID,数量,有效) VALUES(66,187,2,1);
INSERT INTO 购物车表(货物编号,UID,数量,有效) VALUES(66,111,2,1);
INSERT INTO 购物车表(货物编号,UID,数量,有效) VALUES(66,174,2,1);
INSERT INTO 购物车表(货物编号,UID,数量,有效) VALUES(67,21,1,1);
INSERT INTO 购物车表(货物编号,UID,数量,有效) VALUES(67,5,2,1);
INSERT INTO 购物车表(货物编号,UID,数量,有效) VALUES(67,62,2,1);
INSERT INTO 购物车表(货物编号,UID,数量,有效) VALUES(69,188,1,1);
INSERT INTO 购物车表(货物编号,UID,数量,有效) VALUES(69,68,1,1);
INSERT INTO 购物车表(货物编号,UID,数量,有效) VALUES(69,46,2,1);
INSERT INTO 购物车表(货物编号,UID,数量,有效) VALUES(70,103,1,1);
INSERT INTO 购物车表(货物编号,UID,数量,有效) VALUES(70,174,1,1);
INSERT INTO 购物车表(货物编号,UID,数量,有效) VALUES(70,229,2,1);
INSERT INTO 购物车表(货物编号,UID,数量,有效) VALUES(71,39,1,1);
INSERT INTO 购物车表(货物编号,UID,数量,有效) VALUES(71,254,1,1);
INSERT INTO 购物车表(货物编号,UID,数量,有效) VALUES(71,144,1,1);
INSERT INTO 购物车表(货物编号,UID,数量,有效) VALUES(72,125,2,1);
INSERT INTO 购物车表(货物编号,UID,数量,有效) VALUES(72,256,1,1);
INSERT INTO 购物车表(货物编号,UID,数量,有效) VALUES(72,15,1,1);
INSERT INTO 购物车表(货物编号,UID,数量,有效) VALUES(73,123,1,1);
INSERT INTO 购物车表(货物编号,UID,数量,有效) VALUES(73,173,1,1);
INSERT INTO 购物车表(货物编号,UID,数量,有效) VALUES(73,196,1,1);
INSERT INTO 购物车表(货物编号,UID,数量,有效) VALUES(74,145,1,1);
INSERT INTO 购物车表(货物编号,UID,数量,有效) VALUES(74,216,1,1);
INSERT INTO 购物车表(货物编号,UID,数量,有效) VALUES(74,95,1,1);
INSERT INTO 购物车表(货物编号,UID,数量,有效) VALUES(75,73,3,1);
INSERT INTO 购物车表(货物编号,UID,数量,有效) VALUES(75,105,1,1);
INSERT INTO 购物车表(货物编号,UID,数量,有效) VALUES(75,128,2,1);
INSERT INTO 购物车表(货物编号,UID,数量,有效) VALUES(77,243,2,1);
INSERT INTO 购物车表(货物编号,UID,数量,有效) VALUES(77,158,1,1);
INSERT INTO 购物车表(货物编号,UID,数量,有效) VALUES(77,163,2,1);
INSERT INTO 购物车表(货物编号,UID,数量,有效) VALUES(78,177,1,1);
INSERT INTO 购物车表(货物编号,UID,数量,有效) VALUES(78,255,1,1);
INSERT INTO 购物车表(货物编号,UID,数量,有效) VALUES(78,77,1,1);
INSERT INTO 购物车表(货物编号,UID,数量,有效) VALUES(79,235,1,1);
INSERT INTO 购物车表(货物编号,UID,数量,有效) VALUES(79,250,1,1);
INSERT INTO 购物车表(货物编号,UID,数量,有效) VALUES(79,82,1,1);
INSERT INTO 购物车表(货物编号,UID,数量,有效) VALUES(80,190,1,1);
INSERT INTO 购物车表(货物编号,UID,数量,有效) VALUES(80,228,2,1);
INSERT INTO 购物车表(货物编号,UID,数量,有效) VALUES(80,49,1,1);
INSERT INTO 购物车表(货物编号,UID,数量,有效) VALUES(81,97,1,1);
INSERT INTO 购物车表(货物编号,UID,数量,有效) VALUES(81,154,1,1);
INSERT INTO 购物车表(货物编号,UID,数量,有效) VALUES(81,9,1,1);
INSERT INTO 购物车表(货物编号,UID,数量,有效) VALUES(82,175,1,1);
INSERT INTO 购物车表(货物编号,UID,数量,有效) VALUES(82,213,1,1);
INSERT INTO 购物车表(货物编号,UID,数量,有效) VALUES(82,18,2,1);
INSERT INTO 购物车表(货物编号,UID,数量,有效) VALUES(83,206,1,1);
INSERT INTO 购物车表(货物编号,UID,数量,有效) VALUES(83,45,1,1);
INSERT INTO 购物车表(货物编号,UID,数量,有效) VALUES(83,165,1,1);
INSERT INTO 购物车表(货物编号,UID,数量,有效) VALUES(84,215,1,1);
INSERT INTO 购物车表(货物编号,UID,数量,有效) VALUES(84,141,1,1);
INSERT INTO 购物车表(货物编号,UID,数量,有效) VALUES(84,247,1,1);
INSERT INTO 购物车表(货物编号,UID,数量,有效) VALUES(85,180,1,1);
INSERT INTO 购物车表(货物编号,UID,数量,有效) VALUES(85,11,2,1);
INSERT INTO 购物车表(货物编号,UID,数量,有效) VALUES(85,32,1,1);
INSERT INTO 购物车表(货物编号,UID,数量,有效) VALUES(86,104,2,1);
INSERT INTO 购物车表(货物编号,UID,数量,有效) VALUES(86,135,1,1);
INSERT INTO 购物车表(货物编号,UID,数量,有效) VALUES(86,194,1,1);
INSERT INTO 购物车表(货物编号,UID,数量,有效) VALUES(87,241,1,1);
INSERT INTO 购物车表(货物编号,UID,数量,有效) VALUES(87,220,1,1);
INSERT INTO 购物车表(货物编号,UID,数量,有效) VALUES(87,146,1,1);
INSERT INTO 购物车表(货物编号,UID,数量,有效) VALUES(88,227,3,1);
INSERT INTO 购物车表(货物编号,UID,数量,有效) VALUES(88,247,1,1);
INSERT INTO 购物车表(货物编号,UID,数量,有效) VALUES(88,144,3,1);
INSERT INTO 购物车表(货物编号,UID,数量,有效) VALUES(89,205,3,1);
INSERT INTO 购物车表(货物编号,UID,数量,有效) VALUES(89,147,1,1);
INSERT INTO 购物车表(货物编号,UID,数量,有效) VALUES(89,164,3,1);
INSERT INTO 购物车表(货物编号,UID,数量,有效) VALUES(90,150,2,1);
INSERT INTO 购物车表(货物编号,UID,数量,有效) VALUES(90,105,3,1);
INSERT INTO 购物车表(货物编号,UID,数量,有效) VALUES(91,165,1,1);
INSERT INTO 购物车表(货物编号,UID,数量,有效) VALUES(91,124,1,1);
INSERT INTO 购物车表(货物编号,UID,数量,有效) VALUES(91,11,2,1);
INSERT INTO 购物车表(货物编号,UID,数量,有效) VALUES(92,213,2,1);
INSERT INTO 购物车表(货物编号,UID,数量,有效) VALUES(92,237,1,1);
INSERT INTO 购物车表(货物编号,UID,数量,有效) VALUES(92,112,2,1);
INSERT INTO 购物车表(货物编号,UID,数量,有效) VALUES(93,178,2,1);
INSERT INTO 购物车表(货物编号,UID,数量,有效) VALUES(93,149,1,1);
INSERT INTO 购物车表(货物编号,UID,数量,有效) VALUES(93,41,3,1);
INSERT INTO 购物车表(货物编号,UID,数量,有效) VALUES(94,211,2,1);
INSERT INTO 购物车表(货物编号,UID,数量,有效) VALUES(94,116,2,1);
INSERT INTO 购物车表(货物编号,UID,数量,有效) VALUES(94,135,1,1);
INSERT INTO 购物车表(货物编号,UID,数量,有效) VALUES(95,214,1,1);
INSERT INTO 购物车表(货物编号,UID,数量,有效) VALUES(95,41,1,1);
INSERT INTO 购物车表(货物编号,UID,数量,有效) VALUES(95,202,1,1);
INSERT INTO 购物车表(货物编号,UID,数量,有效) VALUES(96,136,1,1);
INSERT INTO 购物车表(货物编号,UID,数量,有效) VALUES(96,164,1,1);
INSERT INTO 购物车表(货物编号,UID,数量,有效) VALUES(96,235,1,1);
INSERT INTO 购物车表(货物编号,UID,数量,有效) VALUES(97,172,1,1);
INSERT INTO 购物车表(货物编号,UID,数量,有效) VALUES(97,191,2,1);
INSERT INTO 购物车表(货物编号,UID,数量,有效) VALUES(97,145,3,1);
INSERT INTO 购物车表(货物编号,UID,数量,有效) VALUES(98,173,1,1);
INSERT INTO 购物车表(货物编号,UID,数量,有效) VALUES(98,157,1,1);
INSERT INTO 购物车表(货物编号,UID,数量,有效) VALUES(98,156,1,1);
INSERT INTO 购物车表(货物编号,UID,数量,有效) VALUES(99,59,1,1);
INSERT INTO 购物车表(货物编号,UID,数量,有效) VALUES(99,80,1,1);
INSERT INTO 购物车表(货物编号,UID,数量,有效) VALUES(99,24,1,1);
INSERT INTO 购物车表(货物编号,UID,数量,有效) VALUES(100,187,3,1);
INSERT INTO 购物车表(货物编号,UID,数量,有效) VALUES(100,66,3,1);
INSERT INTO 购物车表(货物编号,UID,数量,有效) VALUES(100,93,3,1);

--现存订单表测试数据
INSERT INTO 现存订单表(订单号,交易时间,货物编号,卖家UID,买家UID,价格,数量,收货地址,订单状态,快递单号) VALUES(100,'2018-12-10',59,48,103,21,1,'上海海事大学','未付款',NULL);
INSERT INTO 现存订单表(订单号,交易时间,货物编号,卖家UID,买家UID,价格,数量,收货地址,订单状态,快递单号) VALUES(102,'2018-12-6',81,16,103,23,2,'上海海事大学','未付款',NULL);
INSERT INTO 现存订单表(订单号,交易时间,货物编号,卖家UID,买家UID,价格,数量,收货地址,订单状态,快递单号) VALUES(103,'2018-12-9',13,75,103,19,2,'上海海事大学','已发货','850322474517');
INSERT INTO 现存订单表(订单号,交易时间,货物编号,卖家UID,买家UID,价格,数量,收货地址,订单状态,快递单号) VALUES(104,'2018-12-3',62,95,103,22,1,'上海海事大学','已发货','257984863229');
INSERT INTO 现存订单表(订单号,交易时间,货物编号,卖家UID,买家UID,价格,数量,收货地址,订单状态,快递单号) VALUES(105,'2018-12-10',68,33,103,23,2,'上海海事大学','已发货','579068416802');
INSERT INTO 现存订单表(订单号,交易时间,货物编号,卖家UID,买家UID,价格,数量,收货地址,订单状态,快递单号) VALUES(106,'2018-12-5',76,80,103,22,2,'上海海事大学','已付款',NULL);
INSERT INTO 现存订单表(订单号,交易时间,货物编号,卖家UID,买家UID,价格,数量,收货地址,订单状态,快递单号) VALUES(107,'2018-12-7',47,54,103,15,2,'上海海事大学','已发货','263530419653');
INSERT INTO 现存订单表(订单号,交易时间,货物编号,卖家UID,买家UID,价格,数量,收货地址,订单状态,快递单号) VALUES(108,'2018-12-10',13,65,103,19,1,'上海海事大学','已发货','144554676573');
INSERT INTO 现存订单表(订单号,交易时间,货物编号,卖家UID,买家UID,价格,数量,收货地址,订单状态,快递单号) VALUES(109,'2018-12-5',35,96,103,25,2,'上海海事大学','未付款',NULL);
INSERT INTO 现存订单表(订单号,交易时间,货物编号,卖家UID,买家UID,价格,数量,收货地址,订单状态,快递单号) VALUES(110,'2018-12-2',12,62,103,22,2,'上海海事大学','未付款',NULL);
INSERT INTO 现存订单表(订单号,交易时间,货物编号,卖家UID,买家UID,价格,数量,收货地址,订单状态,快递单号) VALUES(111,'2018-12-3',66,103,31,23,1,'上海海事大学','未付款',NULL);
INSERT INTO 现存订单表(订单号,交易时间,货物编号,卖家UID,买家UID,价格,数量,收货地址,订单状态,快递单号) VALUES(112,'2018-12-5',72,103,49,23,1,'上海海事大学','已付款',NULL);
INSERT INTO 现存订单表(订单号,交易时间,货物编号,卖家UID,买家UID,价格,数量,收货地址,订单状态,快递单号) VALUES(113,'2018-12-1',75,103,240,23,2,'上海海事大学','未付款',NULL);
INSERT INTO 现存订单表(订单号,交易时间,货物编号,卖家UID,买家UID,价格,数量,收货地址,订单状态,快递单号) VALUES(114,'2018-12-7',87,103,244,25,1,'上海海事大学','已发货','955402989603');
INSERT INTO 现存订单表(订单号,交易时间,货物编号,卖家UID,买家UID,价格,数量,收货地址,订单状态,快递单号) VALUES(115,'2018-12-3',91,103,90,23,1,'上海海事大学','已付款',NULL);

--历史订单表测试数据
INSERT INTO 历史订单表(订单号,交易时间,货物编号,卖家UID,买家UID,价格,数量,收货地址,订单状态,快递单号) VALUES(1,'2018-12-6',68,103,59,19,2,'上海海事大学','禁止销售',NULL);
INSERT INTO 历史订单表(订单号,交易时间,货物编号,卖家UID,买家UID,价格,数量,收货地址,订单状态,快递单号) VALUES(2,'2018-12-12',27,103,51,18,2,'上海海事大学','完成','693806768194');
INSERT INTO 历史订单表(订单号,交易时间,货物编号,卖家UID,买家UID,价格,数量,收货地址,订单状态,快递单号) VALUES(3,'2018-12-8',17,72,212,20,2,'上海海事大学','卖方取消',NULL);
INSERT INTO 历史订单表(订单号,交易时间,货物编号,卖家UID,买家UID,价格,数量,收货地址,订单状态,快递单号) VALUES(4,'2018-12-4',73,66,21,20,1,'上海海事大学','完成','602569695488');
INSERT INTO 历史订单表(订单号,交易时间,货物编号,卖家UID,买家UID,价格,数量,收货地址,订单状态,快递单号) VALUES(5,'2018-12-10',48,146,130,15,1,'上海海事大学','买方取消',NULL);
INSERT INTO 历史订单表(订单号,交易时间,货物编号,卖家UID,买家UID,价格,数量,收货地址,订单状态,快递单号) VALUES(6,'2018-12-6',23,44,37,16,1,'上海海事大学','完成','534304455420');
INSERT INTO 历史订单表(订单号,交易时间,货物编号,卖家UID,买家UID,价格,数量,收货地址,订单状态,快递单号) VALUES(7,'2018-12-8',10,120,137,16,3,'上海海事大学','买方取消',NULL);
INSERT INTO 历史订单表(订单号,交易时间,货物编号,卖家UID,买家UID,价格,数量,收货地址,订单状态,快递单号) VALUES(8,'2018-12-5',92,214,145,15,2,'上海海事大学','禁止销售',NULL);
INSERT INTO 历史订单表(订单号,交易时间,货物编号,卖家UID,买家UID,价格,数量,收货地址,订单状态,快递单号) VALUES(9,'2018-12-6',30,41,226,19,1,'上海海事大学','完成','515212278118');
INSERT INTO 历史订单表(订单号,交易时间,货物编号,卖家UID,买家UID,价格,数量,收货地址,订单状态,快递单号) VALUES(10,'2018-12-10',15,67,2,15,2,'上海海事大学','完成','192410607956');
INSERT INTO 历史订单表(订单号,交易时间,货物编号,卖家UID,买家UID,价格,数量,收货地址,订单状态,快递单号) VALUES(11,'2018-12-9',53,227,64,18,2,'上海海事大学','禁止销售',NULL);
INSERT INTO 历史订单表(订单号,交易时间,货物编号,卖家UID,买家UID,价格,数量,收货地址,订单状态,快递单号) VALUES(12,'2018-12-5',38,62,55,16,3,'上海海事大学','禁止销售',NULL);
INSERT INTO 历史订单表(订单号,交易时间,货物编号,卖家UID,买家UID,价格,数量,收货地址,订单状态,快递单号) VALUES(13,'2018-12-7',33,65,225,17,3,'上海海事大学','买方取消',NULL);
INSERT INTO 历史订单表(订单号,交易时间,货物编号,卖家UID,买家UID,价格,数量,收货地址,订单状态,快递单号) VALUES(14,'2018-12-6',77,242,36,16,2,'上海海事大学','禁止销售',NULL);
INSERT INTO 历史订单表(订单号,交易时间,货物编号,卖家UID,买家UID,价格,数量,收货地址,订单状态,快递单号) VALUES(15,'2018-12-11',2,45,5,16,1,'上海海事大学','卖方取消',NULL);
INSERT INTO 历史订单表(订单号,交易时间,货物编号,卖家UID,买家UID,价格,数量,收货地址,订单状态,快递单号) VALUES(16,'2018-12-5',11,90,179,15,2,'上海海事大学','禁止销售',NULL);
INSERT INTO 历史订单表(订单号,交易时间,货物编号,卖家UID,买家UID,价格,数量,收货地址,订单状态,快递单号) VALUES(17,'2018-12-6',45,50,44,18,2,'上海海事大学','禁止销售',NULL);
INSERT INTO 历史订单表(订单号,交易时间,货物编号,卖家UID,买家UID,价格,数量,收货地址,订单状态,快递单号) VALUES(18,'2018-12-8',50,83,160,15,1,'上海海事大学','买方取消',NULL);
INSERT INTO 历史订单表(订单号,交易时间,货物编号,卖家UID,买家UID,价格,数量,收货地址,订单状态,快递单号) VALUES(19,'2018-12-10',89,46,19,16,2,'上海海事大学','禁止销售',NULL);
INSERT INTO 历史订单表(订单号,交易时间,货物编号,卖家UID,买家UID,价格,数量,收货地址,订单状态,快递单号) VALUES(20,'2018-12-11',65,100,142,15,2,'上海海事大学','完成','270872831712');
INSERT INTO 历史订单表(订单号,交易时间,货物编号,卖家UID,买家UID,价格,数量,收货地址,订单状态,快递单号) VALUES(21,'2018-12-7',19,68,246,15,2,'上海海事大学','卖方取消',NULL);
INSERT INTO 历史订单表(订单号,交易时间,货物编号,卖家UID,买家UID,价格,数量,收货地址,订单状态,快递单号) VALUES(22,'2018-12-1',30,12,145,19,1,'上海海事大学','卖方取消',NULL);
INSERT INTO 历史订单表(订单号,交易时间,货物编号,卖家UID,买家UID,价格,数量,收货地址,订单状态,快递单号) VALUES(23,'2018-12-5',56,157,138,19,1,'上海海事大学','买方取消',NULL);
INSERT INTO 历史订单表(订单号,交易时间,货物编号,卖家UID,买家UID,价格,数量,收货地址,订单状态,快递单号) VALUES(24,'2018-12-3',6,201,97,19,3,'上海海事大学','卖方取消',NULL);
INSERT INTO 历史订单表(订单号,交易时间,货物编号,卖家UID,买家UID,价格,数量,收货地址,订单状态,快递单号) VALUES(25,'2018-12-12',7,197,19,16,3,'上海海事大学','完成','344765946288');
INSERT INTO 历史订单表(订单号,交易时间,货物编号,卖家UID,买家UID,价格,数量,收货地址,订单状态,快递单号) VALUES(26,'2018-12-9',40,98,232,18,3,'上海海事大学','买方取消',NULL);
INSERT INTO 历史订单表(订单号,交易时间,货物编号,卖家UID,买家UID,价格,数量,收货地址,订单状态,快递单号) VALUES(27,'2018-12-3',98,37,43,16,2,'上海海事大学','卖方取消',NULL);
INSERT INTO 历史订单表(订单号,交易时间,货物编号,卖家UID,买家UID,价格,数量,收货地址,订单状态,快递单号) VALUES(28,'2018-12-5',68,51,131,16,3,'上海海事大学','禁止销售',NULL);
INSERT INTO 历史订单表(订单号,交易时间,货物编号,卖家UID,买家UID,价格,数量,收货地址,订单状态,快递单号) VALUES(29,'2018-12-2',44,171,6,18,1,'上海海事大学','完成','567453751620');
INSERT INTO 历史订单表(订单号,交易时间,货物编号,卖家UID,买家UID,价格,数量,收货地址,订单状态,快递单号) VALUES(30,'2018-12-1',30,129,83,17,1,'上海海事大学','买方取消',NULL);
INSERT INTO 历史订单表(订单号,交易时间,货物编号,卖家UID,买家UID,价格,数量,收货地址,订单状态,快递单号) VALUES(31,'2018-12-13',77,166,212,15,1,'上海海事大学','完成','924907191876');
INSERT INTO 历史订单表(订单号,交易时间,货物编号,卖家UID,买家UID,价格,数量,收货地址,订单状态,快递单号) VALUES(32,'2018-12-3',80,53,23,15,2,'上海海事大学','卖方取消',NULL);
INSERT INTO 历史订单表(订单号,交易时间,货物编号,卖家UID,买家UID,价格,数量,收货地址,订单状态,快递单号) VALUES(33,'2018-12-2',87,63,44,16,1,'上海海事大学','买方取消',NULL);
INSERT INTO 历史订单表(订单号,交易时间,货物编号,卖家UID,买家UID,价格,数量,收货地址,订单状态,快递单号) VALUES(34,'2018-12-6',8,203,177,18,2,'上海海事大学','买方取消',NULL);
INSERT INTO 历史订单表(订单号,交易时间,货物编号,卖家UID,买家UID,价格,数量,收货地址,订单状态,快递单号) VALUES(35,'2018-12-6',51,96,132,15,1,'上海海事大学','卖方取消',NULL);
INSERT INTO 历史订单表(订单号,交易时间,货物编号,卖家UID,买家UID,价格,数量,收货地址,订单状态,快递单号) VALUES(36,'2018-12-13',22,95,212,18,3,'上海海事大学','禁止销售',NULL);
INSERT INTO 历史订单表(订单号,交易时间,货物编号,卖家UID,买家UID,价格,数量,收货地址,订单状态,快递单号) VALUES(37,'2018-12-12',59,162,168,19,2,'上海海事大学','买方取消',NULL);
INSERT INTO 历史订单表(订单号,交易时间,货物编号,卖家UID,买家UID,价格,数量,收货地址,订单状态,快递单号) VALUES(38,'2018-12-11',18,122,172,20,1,'上海海事大学','完成','239751172803');
INSERT INTO 历史订单表(订单号,交易时间,货物编号,卖家UID,买家UID,价格,数量,收货地址,订单状态,快递单号) VALUES(39,'2018-12-2',36,255,20,15,2,'上海海事大学','禁止销售',NULL);
INSERT INTO 历史订单表(订单号,交易时间,货物编号,卖家UID,买家UID,价格,数量,收货地址,订单状态,快递单号) VALUES(40,'2018-12-13',87,92,84,17,2,'上海海事大学','完成','549533403278');
INSERT INTO 历史订单表(订单号,交易时间,货物编号,卖家UID,买家UID,价格,数量,收货地址,订单状态,快递单号) VALUES(41,'2018-12-1',26,227,101,19,3,'上海海事大学','禁止销售',NULL);
INSERT INTO 历史订单表(订单号,交易时间,货物编号,卖家UID,买家UID,价格,数量,收货地址,订单状态,快递单号) VALUES(42,'2018-12-12',78,82,91,15,2,'上海海事大学','完成','699334132113');
INSERT INTO 历史订单表(订单号,交易时间,货物编号,卖家UID,买家UID,价格,数量,收货地址,订单状态,快递单号) VALUES(43,'2018-12-5',24,106,167,17,1,'上海海事大学','卖方取消',NULL);
INSERT INTO 历史订单表(订单号,交易时间,货物编号,卖家UID,买家UID,价格,数量,收货地址,订单状态,快递单号) VALUES(44,'2018-12-11',56,245,217,17,1,'上海海事大学','禁止销售',NULL);
INSERT INTO 历史订单表(订单号,交易时间,货物编号,卖家UID,买家UID,价格,数量,收货地址,订单状态,快递单号) VALUES(45,'2018-12-10',4,131,40,19,1,'上海海事大学','禁止销售',NULL);
INSERT INTO 历史订单表(订单号,交易时间,货物编号,卖家UID,买家UID,价格,数量,收货地址,订单状态,快递单号) VALUES(46,'2018-12-4',16,58,95,16,3,'上海海事大学','买方取消',NULL);
INSERT INTO 历史订单表(订单号,交易时间,货物编号,卖家UID,买家UID,价格,数量,收货地址,订单状态,快递单号) VALUES(47,'2018-12-3',78,103,43,18,2,'上海海事大学','完成','217948937245');
INSERT INTO 历史订单表(订单号,交易时间,货物编号,卖家UID,买家UID,价格,数量,收货地址,订单状态,快递单号) VALUES(48,'2018-12-8',77,91,178,20,2,'上海海事大学','完成','982704393754');
INSERT INTO 历史订单表(订单号,交易时间,货物编号,卖家UID,买家UID,价格,数量,收货地址,订单状态,快递单号) VALUES(49,'2018-12-12',24,21,66,20,3,'上海海事大学','卖方取消',NULL);
INSERT INTO 历史订单表(订单号,交易时间,货物编号,卖家UID,买家UID,价格,数量,收货地址,订单状态,快递单号) VALUES(50,'2018-12-13',25,94,166,15,1,'上海海事大学','卖方取消',NULL);
INSERT INTO 历史订单表(订单号,交易时间,货物编号,卖家UID,买家UID,价格,数量,收货地址,订单状态,快递单号) VALUES(51,'2018-12-9',4,63,79,16,2,'上海海事大学','卖方取消',NULL);
INSERT INTO 历史订单表(订单号,交易时间,货物编号,卖家UID,买家UID,价格,数量,收货地址,订单状态,快递单号) VALUES(52,'2018-12-2',37,204,208,17,3,'上海海事大学','禁止销售',NULL);
INSERT INTO 历史订单表(订单号,交易时间,货物编号,卖家UID,买家UID,价格,数量,收货地址,订单状态,快递单号) VALUES(53,'2018-12-3',60,189,113,18,3,'上海海事大学','买方取消',NULL);
INSERT INTO 历史订单表(订单号,交易时间,货物编号,卖家UID,买家UID,价格,数量,收货地址,订单状态,快递单号) VALUES(54,'2018-12-4',64,183,140,17,1,'上海海事大学','禁止销售',NULL);
INSERT INTO 历史订单表(订单号,交易时间,货物编号,卖家UID,买家UID,价格,数量,收货地址,订单状态,快递单号) VALUES(55,'2018-12-12',75,25,229,17,2,'上海海事大学','卖方取消',NULL);
INSERT INTO 历史订单表(订单号,交易时间,货物编号,卖家UID,买家UID,价格,数量,收货地址,订单状态,快递单号) VALUES(56,'2018-12-4',43,216,163,18,3,'上海海事大学','卖方取消',NULL);
INSERT INTO 历史订单表(订单号,交易时间,货物编号,卖家UID,买家UID,价格,数量,收货地址,订单状态,快递单号) VALUES(57,'2018-12-1',16,200,167,20,2,'上海海事大学','禁止销售',NULL);
INSERT INTO 历史订单表(订单号,交易时间,货物编号,卖家UID,买家UID,价格,数量,收货地址,订单状态,快递单号) VALUES(58,'2018-12-7',56,8,253,15,3,'上海海事大学','卖方取消',NULL);
INSERT INTO 历史订单表(订单号,交易时间,货物编号,卖家UID,买家UID,价格,数量,收货地址,订单状态,快递单号) VALUES(59,'2018-12-3',66,48,181,16,2,'上海海事大学','完成','281270307703');
INSERT INTO 历史订单表(订单号,交易时间,货物编号,卖家UID,买家UID,价格,数量,收货地址,订单状态,快递单号) VALUES(60,'2018-12-2',42,52,154,20,1,'上海海事大学','禁止销售',NULL);
INSERT INTO 历史订单表(订单号,交易时间,货物编号,卖家UID,买家UID,价格,数量,收货地址,订单状态,快递单号) VALUES(61,'2018-12-6',22,100,95,17,3,'上海海事大学','买方取消',NULL);
INSERT INTO 历史订单表(订单号,交易时间,货物编号,卖家UID,买家UID,价格,数量,收货地址,订单状态,快递单号) VALUES(62,'2018-12-5',99,95,178,19,1,'上海海事大学','禁止销售',NULL);
INSERT INTO 历史订单表(订单号,交易时间,货物编号,卖家UID,买家UID,价格,数量,收货地址,订单状态,快递单号) VALUES(63,'2018-12-12',72,220,30,19,2,'上海海事大学','买方取消',NULL);
INSERT INTO 历史订单表(订单号,交易时间,货物编号,卖家UID,买家UID,价格,数量,收货地址,订单状态,快递单号) VALUES(64,'2018-12-2',80,106,179,16,2,'上海海事大学','买方取消',NULL);
INSERT INTO 历史订单表(订单号,交易时间,货物编号,卖家UID,买家UID,价格,数量,收货地址,订单状态,快递单号) VALUES(65,'2018-12-1',70,91,233,20,1,'上海海事大学','买方取消',NULL);
INSERT INTO 历史订单表(订单号,交易时间,货物编号,卖家UID,买家UID,价格,数量,收货地址,订单状态,快递单号) VALUES(66,'2018-12-3',34,103,189,18,3,'上海海事大学','卖方取消',NULL);
INSERT INTO 历史订单表(订单号,交易时间,货物编号,卖家UID,买家UID,价格,数量,收货地址,订单状态,快递单号) VALUES(67,'2018-12-1',66,240,12,20,1,'上海海事大学','禁止销售',NULL);
INSERT INTO 历史订单表(订单号,交易时间,货物编号,卖家UID,买家UID,价格,数量,收货地址,订单状态,快递单号) VALUES(68,'2018-12-5',29,33,44,19,1,'上海海事大学','买方取消',NULL);
INSERT INTO 历史订单表(订单号,交易时间,货物编号,卖家UID,买家UID,价格,数量,收货地址,订单状态,快递单号) VALUES(69,'2018-12-5',46,109,80,20,2,'上海海事大学','完成','219471621194');
INSERT INTO 历史订单表(订单号,交易时间,货物编号,卖家UID,买家UID,价格,数量,收货地址,订单状态,快递单号) VALUES(70,'2018-12-12',20,131,17,15,1,'上海海事大学','完成','136064952873');
INSERT INTO 历史订单表(订单号,交易时间,货物编号,卖家UID,买家UID,价格,数量,收货地址,订单状态,快递单号) VALUES(71,'2018-12-7',90,49,146,20,1,'上海海事大学','完成','847607536830');
INSERT INTO 历史订单表(订单号,交易时间,货物编号,卖家UID,买家UID,价格,数量,收货地址,订单状态,快递单号) VALUES(72,'2018-12-12',93,103,169,15,3,'上海海事大学','完成','911728765228');
INSERT INTO 历史订单表(订单号,交易时间,货物编号,卖家UID,买家UID,价格,数量,收货地址,订单状态,快递单号) VALUES(73,'2018-12-4',5,133,258,17,1,'上海海事大学','买方取消',NULL);
INSERT INTO 历史订单表(订单号,交易时间,货物编号,卖家UID,买家UID,价格,数量,收货地址,订单状态,快递单号) VALUES(74,'2018-12-3',47,191,219,17,2,'上海海事大学','买方取消',NULL);
INSERT INTO 历史订单表(订单号,交易时间,货物编号,卖家UID,买家UID,价格,数量,收货地址,订单状态,快递单号) VALUES(75,'2018-12-9',46,103,137,20,1,'上海海事大学','买方取消',NULL);
INSERT INTO 历史订单表(订单号,交易时间,货物编号,卖家UID,买家UID,价格,数量,收货地址,订单状态,快递单号) VALUES(76,'2018-12-8',48,80,79,19,3,'上海海事大学','卖方取消',NULL);
INSERT INTO 历史订单表(订单号,交易时间,货物编号,卖家UID,买家UID,价格,数量,收货地址,订单状态,快递单号) VALUES(77,'2018-12-10',23,62,36,16,3,'上海海事大学','卖方取消',NULL);
INSERT INTO 历史订单表(订单号,交易时间,货物编号,卖家UID,买家UID,价格,数量,收货地址,订单状态,快递单号) VALUES(78,'2018-12-4',33,54,145,18,1,'上海海事大学','完成','961014430546');
INSERT INTO 历史订单表(订单号,交易时间,货物编号,卖家UID,买家UID,价格,数量,收货地址,订单状态,快递单号) VALUES(79,'2018-12-6',89,156,24,16,3,'上海海事大学','卖方取消',NULL);
INSERT INTO 历史订单表(订单号,交易时间,货物编号,卖家UID,买家UID,价格,数量,收货地址,订单状态,快递单号) VALUES(80,'2018-12-8',29,6,204,16,2,'上海海事大学','完成','475079046691');
INSERT INTO 历史订单表(订单号,交易时间,货物编号,卖家UID,买家UID,价格,数量,收货地址,订单状态,快递单号) VALUES(81,'2018-12-7',99,103,231,19,3,'上海海事大学','卖方取消',NULL);
INSERT INTO 历史订单表(订单号,交易时间,货物编号,卖家UID,买家UID,价格,数量,收货地址,订单状态,快递单号) VALUES(82,'2018-12-10',66,194,33,16,1,'上海海事大学','卖方取消',NULL);
INSERT INTO 历史订单表(订单号,交易时间,货物编号,卖家UID,买家UID,价格,数量,收货地址,订单状态,快递单号) VALUES(83,'2018-12-10',100,83,117,18,2,'上海海事大学','买方取消',NULL);
INSERT INTO 历史订单表(订单号,交易时间,货物编号,卖家UID,买家UID,价格,数量,收货地址,订单状态,快递单号) VALUES(84,'2018-12-9',82,176,183,18,2,'上海海事大学','完成','560925428410');
INSERT INTO 历史订单表(订单号,交易时间,货物编号,卖家UID,买家UID,价格,数量,收货地址,订单状态,快递单号) VALUES(85,'2018-12-2',2,61,13,17,2,'上海海事大学','禁止销售',NULL);
INSERT INTO 历史订单表(订单号,交易时间,货物编号,卖家UID,买家UID,价格,数量,收货地址,订单状态,快递单号) VALUES(86,'2018-12-6',80,14,63,17,3,'上海海事大学','完成','816593381059');
INSERT INTO 历史订单表(订单号,交易时间,货物编号,卖家UID,买家UID,价格,数量,收货地址,订单状态,快递单号) VALUES(87,'2018-12-8',86,103,145,20,2,'上海海事大学','买方取消',NULL);
INSERT INTO 历史订单表(订单号,交易时间,货物编号,卖家UID,买家UID,价格,数量,收货地址,订单状态,快递单号) VALUES(88,'2018-12-12',15,17,117,18,2,'上海海事大学','完成','303304146075');
INSERT INTO 历史订单表(订单号,交易时间,货物编号,卖家UID,买家UID,价格,数量,收货地址,订单状态,快递单号) VALUES(89,'2018-12-10',42,225,251,15,2,'上海海事大学','卖方取消',NULL);
INSERT INTO 历史订单表(订单号,交易时间,货物编号,卖家UID,买家UID,价格,数量,收货地址,订单状态,快递单号) VALUES(90,'2018-12-13',49,166,125,20,3,'上海海事大学','完成','222514110635');
INSERT INTO 历史订单表(订单号,交易时间,货物编号,卖家UID,买家UID,价格,数量,收货地址,订单状态,快递单号) VALUES(91,'2018-12-4',1,103,108,18,3,'上海海事大学','卖方取消',NULL);
INSERT INTO 历史订单表(订单号,交易时间,货物编号,卖家UID,买家UID,价格,数量,收货地址,订单状态,快递单号) VALUES(92,'2018-12-4',89,151,243,16,3,'上海海事大学','买方取消',NULL);
INSERT INTO 历史订单表(订单号,交易时间,货物编号,卖家UID,买家UID,价格,数量,收货地址,订单状态,快递单号) VALUES(93,'2018-12-10',44,243,113,16,1,'上海海事大学','完成','293699140122');
INSERT INTO 历史订单表(订单号,交易时间,货物编号,卖家UID,买家UID,价格,数量,收货地址,订单状态,快递单号) VALUES(94,'2018-12-12',62,235,168,17,2,'上海海事大学','禁止销售',NULL);
INSERT INTO 历史订单表(订单号,交易时间,货物编号,卖家UID,买家UID,价格,数量,收货地址,订单状态,快递单号) VALUES(95,'2018-12-11',39,115,22,18,2,'上海海事大学','买方取消',NULL);
INSERT INTO 历史订单表(订单号,交易时间,货物编号,卖家UID,买家UID,价格,数量,收货地址,订单状态,快递单号) VALUES(96,'2018-12-9',8,13,248,18,3,'上海海事大学','完成','167728121689');
INSERT INTO 历史订单表(订单号,交易时间,货物编号,卖家UID,买家UID,价格,数量,收货地址,订单状态,快递单号) VALUES(97,'2018-12-2',93,139,181,17,2,'上海海事大学','卖方取消',NULL);
INSERT INTO 历史订单表(订单号,交易时间,货物编号,卖家UID,买家UID,价格,数量,收货地址,订单状态,快递单号) VALUES(98,'2018-12-8',39,9,218,19,2,'上海海事大学','卖方取消',NULL);
INSERT INTO 历史订单表(订单号,交易时间,货物编号,卖家UID,买家UID,价格,数量,收货地址,订单状态,快递单号) VALUES(99,'2018-12-2',7,131,128,20,2,'上海海事大学','卖方取消',NULL);
